pdf,contest_id,family,pages,chars,chars_per_page,questions_detected,max_question,needs_ocr,ok,error,processed_at
data\raw\CACD_2003\cursocacd\discursiva_direito__f0365b94.pdf,CACD_2003,cursocacd,2,4376,2188.0,0,0,0,1,,2026-10-06T14:15:31.232415+00:00
data\raw\CACD_2003\cursocacd\discursiva_economia__feeb97ed.pdf,CACD_2003,cursocacd,1,1456,1456.0,0,0,0,1,,2026-10-06T14:15:31.291147+00:00
data\raw\CACD_2003\cursocacd\discursiva_geografia__e659698f.pdf,CACD_2003,cursocacd,1,1372,1372.0,0,0,0,1,,2026-10-06T14:15:31.309981+00:00
data\raw\CACD_2003\cursocacd\discursiva_historia__be718717.pdf,CACD_2003,cursocacd,2,4353,2176.5,0,0,0,1,,2026-10-06T14:15:31.329204+00:00
data\raw\CACD_2003\cursocacd\discursiva_ingles__380124bd.pdf,CACD_2003,cursocacd,4,12958,3239.5,0,0,0,1,,2026-10-06T14:15:31.358398+00:00
data\raw\CACD_2003\cursocacd\discursiva_pol_internacional__ad7f7c65.pdf,CACD_2003,cursocacd,2,3058,1529.0,0,0,0,1,,2026-10-06T14:15:31.422424+00:00
data\raw\CACD_2003\cursocacd\discursiva_portugues__fa102328.pdf,CACD_2003,cursocacd,4,17767,4441.8,0,0,0,1,,2026-10-06T14:15:31.447394+00:00
data\raw\CACD_2003\cursocacd\gabarito__326d9ed0.pdf,CACD_2003,cursocacd,1,1330,1330.0,2,26,0,1,,2026-10-06T14:15:31.518876+00:00
data\raw\CACD_2003\cursocacd\guia_estudos__f5b781a0.pdf,CACD_2003,cursocacd,95,279763,2944.9,5,5,0,1,,2026-10-06T14:15:31.545077+00:00
data\raw\CACD_2003\cursocacd\prova_objetiva_1__60be234b.pdf,CACD_2003,cursocacd,13,70092,5391.7,30,30,0,1,,2026-10-06T14:15:32.146886+00:00
data\raw\CACD_2003\mre\edital__765bb751.pdf,CACD_2003,mre,2,3808,1904.0,0,0,0,1,,2026-10-06T14:15:32.332990+00:00
data\raw\CACD_2004\cursocacd\discursiva_direito__b681dd84.pdf,CACD_2004,cursocacd,1,2665,2665.0,0,0,0,1,,2026-10-06T14:15:32.366207+00:00
data\raw\CACD_2004\cursocacd\discursiva_economia__3b9ab01b.pdf,CACD_2004,cursocacd,1,1163,1163.0,0,0,0,1,,2026-10-06T14:15:32.394409+00:00
data\raw\CACD_2004\cursocacd\discursiva_geografia__281e53b6.pdf,CACD_2004,cursocacd,1,1315,1315.0,0,0,0,1,,2026-10-06T14:15:32.411761+00:00
data\raw\CACD_2004\cursocacd\discursiva_historia__09b849cd.pdf,CACD_2004,cursocacd,1,2423,2423.0,0,0,0,1,,2026-10-06T14:15:32.457061+00:00
data\raw\CACD_2004\cursocacd\discursiva_ingles__526853b2.pdf,CACD_2004,cursocacd,8,14036,1754.5,0,0,0,1,,2026-10-06T14:15:32.482535+00:00
data\raw\CACD_2004\cursocacd\discursiva_pol_internacional__20b8d85e.pdf,CACD_2004,cursocacd,1,2646,2646.0,0,0,0,1,,2026-10-06T14:15:32.548230+00:00
data\raw\CACD_2004\cursocacd\discursiva_portugues__530599d7.pdf,CACD_2004,cursocacd,7,21679,3097.0,0,0,0,1,,2026-10-06T14:15:32.571634+00:00
data\raw\CACD_2004\cursocacd\gabarito__8ffd27b8.pdf,CACD_2004,cursocacd,1,2102,2102.0,0,0,0,1,,2026-10-06T14:15:32.654538+00:00
data\raw\CACD_2004\cursocacd\guia_estudos__c0ffff7d.pdf,CACD_2004,cursocacd,81,242567,2994.7,5,5,0,1,,2026-10-06T14:15:32.698523+00:00
data\raw\CACD_2004\cursocacd\prova_objetiva_1__03e12b15.pdf,CACD_2004,cursocacd,16,77802,4862.6,0,0,0,1,,2026-10-06T14:15:33.365672+00:00
data\raw\CACD_2005\cursocacd\discursiva_direito__2be62469.pdf,CACD_2005,cursocacd,2,1,0.5,0,0,1,1,,2026-10-06T14:15:33.806619+00:00
data\raw\CACD_2005\cursocacd\discursiva_economia__9a8a1930.pdf,CACD_2005,cursocacd,1,0,0.0,0,0,1,1,,2026-10-06T14:15:33.835260+00:00
data\raw\CACD_2005\cursocacd\discursiva_espanhol_frances__4bb8b4e8.pdf,CACD_2005,cursocacd,8,7,0.9,0,0,1,1,,2026-10-06T14:15:33.894811+00:00
data\raw\CACD_2005\cursocacd\discursiva_geografia__628796ca.pdf,CACD_2005,cursocacd,1,0,0.0,0,0,1,1,,2026-10-06T14:15:33.988350+00:00
data\raw\CACD_2005\cursocacd\discursiva_historia__50595e60.pdf,CACD_2005,cursocacd,3,2,0.7,0,0,1,1,,2026-10-06T14:15:34.010112+00:00
data\raw\CACD_2005\cursocacd\discursiva_ingles__c632dae6.pdf,CACD_2005,cursocacd,8,7,0.9,0,0,1,1,,2026-10-06T14:15:34.028465+00:00
data\raw\CACD_2005\cursocacd\discursiva_pol_internacional__097d1bb8.pdf,CACD_2005,cursocacd,1,0,0.0,0,0,1,1,,2026-10-06T14:15:34.088472+00:00
data\raw\CACD_2005\cursocacd\discursiva_portugues__5a9a4833.pdf,CACD_2005,cursocacd,7,18425,2632.1,0,0,0,1,,2026-10-06T14:15:34.114648+00:00
data\raw\CACD_2005\cursocacd\gabarito__4031719e.pdf,CACD_2005,cursocacd,2,4594,2297.0,2,30,0,1,,2026-10-06T14:15:34.363751+00:00
data\raw\CACD_2005\cursocacd\guia_estudos__f28cf804.pdf,CACD_2005,cursocacd,94,271749,2890.9,5,5,0,1,,2026-10-06T14:15:34.476215+00:00
data\raw\CACD_2005\cursocacd\prova_objetiva_1__4d78a804.pdf,CACD_2005,cursocacd,20,74681,3734.1,39,48,0,1,,2026-10-06T14:15:34.956081+00:00
data\raw\CACD_2005\qconcursos\gabarito__0b6a494d.pdf,CACD_2005,qconcursos,1,1146,1146.0,0,0,0,1,,2026-10-06T14:15:35.172736+00:00
data\raw\CACD_2005\qconcursos\prova_objetiva_gabarito__d0ff3a25.pdf,CACD_2005,qconcursos,20,74681,3734.1,39,48,0,1,,2026-10-06T14:15:35.197104+00:00
data\raw\CACD_2006\cursocacd\discursiva_direito__bf5ed6ce.pdf,CACD_2006,cursocacd,7,3916,559.4,5,5,0,1,,2026-10-06T14:15:35.467450+00:00
data\raw\CACD_2006\cursocacd\discursiva_economia__7f820e58.pdf,CACD_2006,cursocacd,12,4955,412.9,5,5,0,1,,2026-10-06T14:15:35.540661+00:00
data\raw\CACD_2006\cursocacd\discursiva_espanhol_frances__478ecb20.pdf,CACD_2006,cursocacd,23,23134,1005.8,0,0,0,1,,2026-10-06T14:15:35.617155+00:00
data\raw\CACD_2006\cursocacd\discursiva_geografia__58fbf8da.pdf,CACD_2006,cursocacd,17,5088,299.3,5,5,0,1,,2026-10-06T14:15:36.169155+00:00
data\raw\CACD_2006\cursocacd\discursiva_historia__4bf26c2e.pdf,CACD_2006,cursocacd,18,6914,384.1,5,5,0,1,,2026-10-06T14:15:36.272566+00:00
data\raw\CACD_2006\cursocacd\discursiva_ingles__61a2ede7.pdf,CACD_2006,cursocacd,19,14807,779.3,0,0,0,1,,2026-10-06T14:15:36.400189+00:00
data\raw\CACD_2006\cursocacd\discursiva_pol_internacional__c9202dc2.pdf,CACD_2006,cursocacd,17,5572,327.8,5,5,0,1,,2026-10-06T14:15:36.622431+00:00
data\raw\CACD_2006\cursocacd\discursiva_portugues__b27d93aa.pdf,CACD_2006,cursocacd,13,5978,459.8,0,0,0,1,,2026-10-06T14:15:36.687665+00:00
data\raw\CACD_2006\cursocacd\gabarito__e6a8a527.pdf,CACD_2006,cursocacd,3,6068,2022.7,2,50,0,1,,2026-10-06T14:15:36.762282+00:00
data\raw\CACD_2006\cursocacd\guia_estudos__507bfe8f.pdf,CACD_2006,cursocacd,96,277442,2890.0,5,5,0,1,,2026-10-06T14:15:36.829811+00:00
data\raw\CACD_2006\cursocacd\prova_objetiva_1__22639ac6.pdf,CACD_2006,cursocacd,10,42330,4233.0,0,0,0,1,,2026-10-06T14:15:37.340090+00:00
data\raw\CACD_2006\cursocacd\prova_objetiva_2__a66197c4.pdf,CACD_2006,cursocacd,11,50677,4607.0,0,0,0,1,,2026-10-06T14:15:37.519947+00:00
data\raw\CACD_2007\cursocacd\discursiva_direito__5a34b250.pdf,CACD_2007,cursocacd,8,6740,842.5,5,5,0,1,,2026-10-06T14:15:37.824394+00:00
data\raw\CACD_2007\cursocacd\discursiva_economia__826b9024.pdf,CACD_2007,cursocacd,16,11135,695.9,5,5,0,1,,2026-10-06T14:15:37.917041+00:00
data\raw\CACD_2007\cursocacd\discursiva_espanhol_frances__03bf8161.pdf,CACD_2007,cursocacd,20,20808,1040.4,0,0,0,1,,2026-10-06T14:15:38.109940+00:00
data\raw\CACD_2007\cursocacd\discursiva_geografia__eea0b3f6.pdf,CACD_2007,cursocacd,18,5791,321.7,5,5,0,1,,2026-10-06T14:15:38.288617+00:00
data\raw\CACD_2007\cursocacd\discursiva_historia__0f766089.pdf,CACD_2007,cursocacd,18,6721,373.4,5,5,0,1,,2026-10-06T14:15:38.376124+00:00
data\raw\CACD_2007\cursocacd\discursiva_ingles__1e34d992.pdf,CACD_2007,cursocacd,18,14110,783.9,0,0,0,1,,2026-10-06T14:15:38.495014+00:00
data\raw\CACD_2007\cursocacd\discursiva_pol_internacional__ef45924c.pdf,CACD_2007,cursocacd,18,5998,333.2,5,5,0,1,,2026-10-06T14:15:38.590273+00:00
data\raw\CACD_2007\cursocacd\discursiva_portugues__5a4f8da0.pdf,CACD_2007,cursocacd,12,9996,833.0,0,0,0,1,,2026-10-06T14:15:38.664289+00:00
data\raw\CACD_2007\cursocacd\gabarito__1cc9835e.pdf,CACD_2007,cursocacd,2,4914,2457.0,3,64,0,1,,2026-10-06T14:15:38.768968+00:00
data\raw\CACD_2007\cursocacd\guia_estudos__a9c14f91.pdf,CACD_2007,cursocacd,92,274831,2987.3,5,5,0,1,,2026-10-06T14:15:38.817631+00:00
data\raw\CACD_2007\cursocacd\prova_objetiva_1__70b7d985.pdf,CACD_2007,cursocacd,12,36640,3053.3,20,20,0,1,,2026-10-06T14:15:39.674910+00:00
data\raw\CACD_2007\cursocacd\prova_objetiva_2__28b91661.pdf,CACD_2007,cursocacd,12,46651,3887.6,35,65,0,1,,2026-10-06T14:15:39.813442+00:00
data\raw\CACD_2008\cursocacd\discursiva_direito__61f6a3c4.pdf,CACD_2008,cursocacd,11,6252,568.4,4,4,0,1,,2026-10-06T14:15:39.982240+00:00
data\raw\CACD_2008\cursocacd\discursiva_economia__1a82aa3e.pdf,CACD_2008,cursocacd,12,6863,571.9,4,4,0,1,,2026-10-06T14:15:40.143712+00:00
data\raw\CACD_2008\cursocacd\discursiva_espanhol_frances__d26e660e.pdf,CACD_2008,cursocacd,14,23924,1708.9,11,11,0,1,,2026-10-06T14:15:40.490061+00:00
data\raw\CACD_2008\cursocacd\discursiva_geografia__581e2502.pdf,CACD_2008,cursocacd,12,4516,376.3,4,4,0,1,,2026-10-06T14:15:40.904016+00:00
data\raw\CACD_2008\cursocacd\discursiva_historia__b379aec5.pdf,CACD_2008,cursocacd,12,4664,388.7,4,4,0,1,,2026-10-06T14:15:41.119609+00:00
data\raw\CACD_2008\cursocacd\discursiva_ingles__921449c4.pdf,CACD_2008,cursocacd,10,5402,540.2,2,2,0,1,,2026-10-06T14:15:41.443415+00:00
data\raw\CACD_2008\cursocacd\discursiva_pol_internacional__b72fcd6e.pdf,CACD_2008,cursocacd,12,4128,344.0,4,4,0,1,,2026-10-06T14:15:41.725641+00:00
data\raw\CACD_2008\cursocacd\discursiva_portugues__67a65fe8.pdf,CACD_2008,cursocacd,3,5973,1991.0,0,0,0,1,,2026-10-06T14:15:41.889525+00:00
data\raw\CACD_2008\cursocacd\gabarito__7fd74fc6.pdf,CACD_2008,cursocacd,2,3921,1960.5,0,0,0,1,,2026-10-06T14:15:41.976449+00:00
data\raw\CACD_2008\cursocacd\guia_estudos__388f8b99.pdf,CACD_2008,cursocacd,82,241848,2949.4,4,4,0,1,,2026-10-06T14:15:42.101736+00:00
data\raw\CACD_2008\cursocacd\prova_objetiva_1__514245fa.pdf,CACD_2008,cursocacd,12,41943,3495.2,34,34,0,1,,2026-10-06T14:15:43.140469+00:00
data\raw\CACD_2008\cursocacd\prova_objetiva_2__5827b408.pdf,CACD_2008,cursocacd,12,33297,2774.8,31,65,0,1,,2026-10-06T14:15:43.315949+00:00
data\raw\CACD_2009\cursocacd\discursiva_direito__cd14d6fb.pdf,CACD_2009,cursocacd,10,5135,513.5,4,4,0,1,,2026-10-06T14:15:43.488988+00:00
data\raw\CACD_2009\cursocacd\discursiva_economia__19aa5abd.pdf,CACD_2009,cursocacd,12,10811,900.9,4,4,0,1,,2026-10-06T14:15:43.540463+00:00
data\raw\CACD_2009\cursocacd\discursiva_espanhol_frances__a5adafd9.pdf,CACD_2009,cursocacd,12,21298,1774.8,0,0,0,1,,2026-10-06T14:15:43.724337+00:00
data\raw\CACD_2009\cursocacd\discursiva_geografia__717979da.pdf,CACD_2009,cursocacd,12,4737,394.8,4,4,0,1,,2026-10-06T14:15:43.891233+00:00
data\raw\CACD_2009\cursocacd\discursiva_historia__2725acde.pdf,CACD_2009,cursocacd,12,5015,417.9,4,4,0,1,,2026-10-06T14:15:44.035161+00:00
data\raw\CACD_2009\cursocacd\discursiva_ingles__1b4551f8.pdf,CACD_2009,cursocacd,14,14184,1013.1,3,3,0,1,,2026-10-06T14:15:44.235543+00:00
data\raw\CACD_2009\cursocacd\discursiva_pol_internacional__e4dae403.pdf,CACD_2009,cursocacd,14,4679,334.2,4,4,0,1,,2026-10-06T14:15:44.539969+00:00
data\raw\CACD_2009\cursocacd\discursiva_portugues__19e54eee.pdf,CACD_2009,cursocacd,11,6350,577.3,0,0,0,1,,2026-10-06T14:15:44.714989+00:00
data\raw\CACD_2009\cursocacd\gabarito__26c6a7a3.pdf,CACD_2009,cursocacd,4,5427,1356.8,6,73,0,1,,2026-10-06T14:15:45.055726+00:00
data\raw\CACD_2009\cursocacd\guia_estudos__97cf8e9f.pdf,CACD_2009,cursocacd,87,264679,3042.3,4,4,0,1,,2026-10-06T14:15:45.312410+00:00
data\raw\CACD_2009\cursocacd\prova_objetiva_1__041fa7c9.pdf,CACD_2009,cursocacd,14,50833,3630.9,39,39,0,1,,2026-10-06T14:15:46.738270+00:00
data\raw\CACD_2009\cursocacd\prova_objetiva_2__4a818470.pdf,CACD_2009,cursocacd,12,45253,3771.1,41,80,0,1,,2026-10-06T14:15:46.970853+00:00
data\raw\CACD_2010\cursocacd\discursiva_direito__3d2d59a7.pdf,CACD_2010,cursocacd,12,7749,645.8,4,4,0,1,,2026-10-06T14:15:47.180685+00:00
data\raw\CACD_2010\cursocacd\discursiva_economia__3d12668d.pdf,CACD_2010,cursocacd,12,6369,530.8,4,4,0,1,,2026-10-06T14:15:47.654894+00:00
data\raw\CACD_2010\cursocacd\discursiva_espanhol_frances__398ca918.pdf,CACD_2010,cursocacd,12,21980,1831.7,0,0,0,1,,2026-10-06T14:15:47.787336+00:00
data\raw\CACD_2010\cursocacd\discursiva_geografia__198bee46.pdf,CACD_2010,cursocacd,12,4750,395.8,4,4,0,1,,2026-10-06T14:15:47.969885+00:00
data\raw\CACD_2010\cursocacd\discursiva_historia__c4f0c858.pdf,CACD_2010,cursocacd,12,4466,372.2,4,4,0,1,,2026-10-06T14:15:48.098054+00:00
data\raw\CACD_2010\cursocacd\discursiva_ingles__bad5cbe7.pdf,CACD_2010,cursocacd,14,13518,965.6,3,3,0,1,,2026-10-06T14:15:48.253875+00:00
data\raw\CACD_2010\cursocacd\discursiva_pol_internacional__4f38bd50.pdf,CACD_2010,cursocacd,13,4726,363.5,4,4,0,1,,2026-10-06T14:15:48.664036+00:00
data\raw\CACD_2010\cursocacd\discursiva_portugues__fe6ce052.pdf,CACD_2010,cursocacd,12,8398,699.8,0,0,0,1,,2026-10-06T14:15:49.050022+00:00
data\raw\CACD_2010\cursocacd\gabarito__81a90c50.pdf,CACD_2010,cursocacd,4,4395,1098.8,0,0,0,1,,2026-10-06T14:15:49.250827+00:00
data\raw\CACD_2010\cursocacd\guia_estudos__4ca184c0.pdf,CACD_2010,cursocacd,76,234264,3082.4,4,4,0,1,,2026-10-06T14:15:49.362608+00:00
data\raw\CACD_2010\cursocacd\prova_objetiva_1__a6d11364.pdf,CACD_2010,cursocacd,16,51891,3243.2,39,39,0,1,,2026-10-06T14:15:51.559514+00:00
data\raw\CACD_2010\cursocacd\prova_objetiva_2__09bca895.pdf,CACD_2010,cursocacd,12,38772,3231.0,41,80,0,1,,2026-10-06T14:15:51.909662+00:00
data\raw\CACD_2010\qconcursos\prova_objetiva_gabarito__52f0e10b.pdf,CACD_2010,qconcursos,8,35359,4419.9,0,0,0,1,,2026-10-06T14:15:52.093498+00:00
data\raw\CACD_2011\cursocacd\discursiva_direito__5c6b72d5.pdf,CACD_2011,cursocacd,11,6862,623.8,4,4,0,1,,2026-10-06T14:15:52.346049+00:00
data\raw\CACD_2011\cursocacd\discursiva_economia__41e1ef16.pdf,CACD_2011,cursocacd,10,5176,517.6,4,4,0,1,,2026-10-06T14:15:52.479781+00:00
data\raw\CACD_2011\cursocacd\discursiva_espanhol_frances__3c29c613.pdf,CACD_2011,cursocacd,9,22110,2456.7,0,0,0,1,,2026-10-06T14:15:52.608210+00:00
data\raw\CACD_2011\cursocacd\discursiva_geografia__f2f418fd.pdf,CACD_2011,cursocacd,12,4605,383.8,4,4,0,1,,2026-10-06T14:15:52.743722+00:00
data\raw\CACD_2011\cursocacd\discursiva_historia__80a68bdc.pdf,CACD_2011,cursocacd,12,4413,367.8,4,4,0,1,,2026-10-06T14:15:52.884247+00:00
data\raw\CACD_2011\cursocacd\discursiva_ingles__a6a829e0.pdf,CACD_2011,cursocacd,12,11527,960.6,0,0,0,1,,2026-10-06T14:15:53.045428+00:00
data\raw\CACD_2011\cursocacd\discursiva_pol_internacional__4d27a977.pdf,CACD_2011,cursocacd,12,6109,509.1,4,4,0,1,,2026-10-06T14:15:53.214046+00:00
data\raw\CACD_2011\cursocacd\discursiva_portugues__6beb8d58.pdf,CACD_2011,cursocacd,9,7506,834.0,0,0,0,1,,2026-10-06T14:15:53.348564+00:00
data\raw\CACD_2011\cursocacd\gabarito__b57290a0.pdf,CACD_2011,cursocacd,3,2945,981.7,5,30,0,1,,2026-10-06T14:15:53.478532+00:00
data\raw\CACD_2011\cursocacd\guia_estudos__b9aaf66b.pdf,CACD_2011,cursocacd,55,170676,3103.2,4,4,0,1,,2026-10-06T14:15:53.882083+00:00
data\raw\CACD_2011\cursocacd\prova_objetiva_1__45d07e31.pdf,CACD_2011,cursocacd,11,47526,4320.5,28,28,0,1,,2026-10-06T14:15:55.137603+00:00
data\raw\CACD_2011\cursocacd\prova_objetiva_2__ae834e15.pdf,CACD_2011,cursocacd,11,47110,4282.7,37,65,0,1,,2026-10-06T14:15:55.528717+00:00
data\raw\CACD_2011\qconcursos\prova_objetiva_gabarito__848617ef.pdf,CACD_2011,qconcursos,7,29367,4195.3,0,0,0,1,,2026-10-06T14:15:55.979931+00:00
data\raw\CACD_2012\cursocacd\discursiva_direito__451e6687.pdf,CACD_2012,cursocacd,11,7250,659.1,4,4,0,1,,2026-10-06T14:15:56.310533+00:00
data\raw\CACD_2012\cursocacd\discursiva_economia__758c1a71.pdf,CACD_2012,cursocacd,11,8233,748.5,4,4,0,1,,2026-10-06T14:15:56.590895+00:00
data\raw\CACD_2012\cursocacd\discursiva_espanhol_frances__323012e2.pdf,CACD_2012,cursocacd,9,23569,2618.8,0,0,0,1,,2026-10-06T14:15:56.878408+00:00
data\raw\CACD_2012\cursocacd\discursiva_geografia__6f77f2d0.pdf,CACD_2012,cursocacd,12,4650,387.5,4,4,0,1,,2026-10-06T14:15:57.223575+00:00
data\raw\CACD_2012\cursocacd\discursiva_historia__da32841c.pdf,CACD_2012,cursocacd,12,4138,344.8,4,4,0,1,,2026-10-06T14:15:57.460822+00:00
data\raw\CACD_2012\cursocacd\discursiva_ingles__b8d96e21.pdf,CACD_2012,cursocacd,14,13150,939.3,0,0,0,1,,2026-10-06T14:15:57.752609+00:00
data\raw\CACD_2012\cursocacd\discursiva_pol_internacional__d78d077b.pdf,CACD_2012,cursocacd,13,6790,522.3,4,4,0,1,,2026-10-06T14:15:58.035693+00:00
data\raw\CACD_2012\cursocacd\discursiva_portugues__224ac159.pdf,CACD_2012,cursocacd,10,7493,749.3,0,0,0,1,,2026-10-06T14:15:58.268397+00:00
data\raw\CACD_2012\cursocacd\gabarito__e76b1501.pdf,CACD_2012,cursocacd,5,6582,1316.4,0,0,0,1,,2026-10-06T14:15:58.622057+00:00
data\raw\CACD_2012\cursocacd\guia_estudos__7a7e29cf.pdf,CACD_2012,cursocacd,59,182157,3087.4,4,4,0,1,,2026-10-06T14:15:58.911587+00:00
data\raw\CACD_2012\cursocacd\prova_objetiva_1__b8dc0329.pdf,CACD_2012,cursocacd,12,43409,3617.4,28,28,0,1,,2026-10-06T14:16:00.633338+00:00
data\raw\CACD_2012\cursocacd\prova_objetiva_2__9c8348a8.pdf,CACD_2012,cursocacd,12,56505,4708.8,37,65,0,1,,2026-10-06T14:16:01.091665+00:00
data\raw\CACD_2012\qconcursos\prova_objetiva_gabarito__c16fd8b4.pdf,CACD_2012,qconcursos,12,43409,3617.4,28,28,0,1,,2026-10-06T14:16:01.439403+00:00
data\raw\CACD_2013\cursocacd\discursiva_direito__dbce4ee5.pdf,CACD_2013,cursocacd,8,4258,532.2,4,4,0,1,,2026-10-06T14:16:01.718049+00:00
data\raw\CACD_2013\cursocacd\discursiva_economia__32673f06.pdf,CACD_2013,cursocacd,12,7528,627.3,4,4,0,1,,2026-10-06T14:16:01.805827+00:00
data\raw\CACD_2013\cursocacd\discursiva_espanhol_frances__7950e2cb.pdf,CACD_2013,cursocacd,12,31882,2656.8,0,0,0,1,,2026-10-06T14:16:01.942300+00:00
data\raw\CACD_2013\cursocacd\discursiva_geografia__92c19ed3.pdf,CACD_2013,cursocacd,12,4190,349.2,4,4,0,1,,2026-10-06T14:16:02.343325+00:00
data\raw\CACD_2013\cursocacd\discursiva_historia__f0a3fd79.pdf,CACD_2013,cursocacd,16,4206,262.9,4,4,0,1,,2026-10-06T14:16:02.463968+00:00
data\raw\CACD_2013\cursocacd\discursiva_ingles__2a3dad2b.pdf,CACD_2013,cursocacd,16,14831,926.9,0,0,0,1,,2026-10-06T14:16:02.638753+00:00
data\raw\CACD_2013\cursocacd\discursiva_pol_internacional__57311c58.pdf,CACD_2013,cursocacd,12,6107,508.9,4,4,0,1,,2026-10-06T14:16:02.832519+00:00
data\raw\CACD_2013\cursocacd\discursiva_portugues__11e4da1a.pdf,CACD_2013,cursocacd,12,7485,623.8,0,0,0,1,,2026-10-06T14:16:02.938523+00:00
data\raw\CACD_2013\cursocacd\gabarito__bf7f4415.pdf,CACD_2013,cursocacd,4,2736,684.0,0,0,0,1,,2026-10-06T14:16:03.049145+00:00
data\raw\CACD_2013\cursocacd\guia_estudos__e5d15dc2.pdf,CACD_2013,cursocacd,218,517562,2374.1,4,4,0,1,,2026-10-06T14:16:03.167805+00:00
data\raw\CACD_2013\cursocacd\prova_objetiva_1__52cfb219.pdf,CACD_2013,cursocacd,12,53874,4489.5,28,28,0,1,,2026-10-06T14:16:07.468683+00:00
data\raw\CACD_2013\cursocacd\prova_objetiva_2__7f084ea4.pdf,CACD_2013,cursocacd,12,49661,4138.4,37,65,0,1,,2026-10-06T14:16:07.999194+00:00
data\raw\CACD_2013\wayback\gabarito_definitivo__58397d2d.pdf,CACD_2013,wayback,1,547,547.0,0,0,0,1,,2026-10-06T14:16:08.415474+00:00
data\raw\CACD_2013\wayback\gabarito_definitivo__ce9ec363.pdf,CACD_2013,wayback,1,475,475.0,0,0,0,1,,2026-10-06T14:16:08.459625+00:00
data\raw\CACD_2013\wayback\gabarito_justificativa__02344cc6.pdf,CACD_2013,wayback,2,1712,856.0,0,0,0,1,,2026-10-06T14:16:08.501548+00:00
data\raw\CACD_2013\wayback\gabarito_preliminar__4948fcc1.pdf,CACD_2013,wayback,1,548,548.0,0,0,0,1,,2026-10-06T14:16:08.566901+00:00
data\raw\CACD_2013\wayback\prova_discursiva__3391d8aa.pdf,CACD_2013,wayback,16,14831,926.9,0,0,0,1,,2026-10-06T14:16:08.684878+00:00
data\raw\CACD_2013\wayback\prova_discursiva__43a4cb2e.pdf,CACD_2013,wayback,12,7485,623.8,0,0,0,1,,2026-10-06T14:16:08.946080+00:00
data\raw\CACD_2013\wayback\prova_discursiva__6f36ec01.pdf,CACD_2013,wayback,12,6107,508.9,4,4,0,1,,2026-10-06T14:16:09.216668+00:00
data\raw\CACD_2013\wayback\prova_discursiva__749dd724.pdf,CACD_2013,wayback,12,7528,627.3,4,4,0,1,,2026-10-06T14:16:09.432293+00:00
data\raw\CACD_2013\wayback\prova_discursiva__a88743f4.pdf,CACD_2013,wayback,12,31882,2656.8,0,0,0,1,,2026-10-06T14:16:09.562163+00:00
data\raw\CACD_2013\wayback\prova_discursiva__da7db1ea.pdf,CACD_2013,wayback,16,4206,262.9,4,4,0,1,,2026-10-06T14:16:09.824642+00:00
data\raw\CACD_2013\wayback\prova_discursiva__ec3e2894.pdf,CACD_2013,wayback,8,4258,532.2,4,4,0,1,,2026-10-06T14:16:09.969143+00:00
data\raw\CACD_2013\wayback\prova_discursiva__fd3fb645.pdf,CACD_2013,wayback,12,4190,349.2,4,4,0,1,,2026-10-06T14:16:10.102701+00:00
data\raw\CACD_2013\wayback\prova_objetiva__02b43020.pdf,CACD_2013,wayback,12,49661,4138.4,37,65,0,1,,2026-10-06T14:16:10.213184+00:00
data\raw\CACD_2013\wayback\prova_objetiva__286a3443.pdf,CACD_2013,wayback,12,53874,4489.5,28,28,0,1,,2026-10-06T14:16:10.600904+00:00
data\raw\CACD_2014\cursocacd\discursiva_direito__40709b2f.pdf,CACD_2014,cursocacd,12,5276,439.7,4,4,0,1,,2026-10-06T14:16:11.001529+00:00
data\raw\CACD_2014\cursocacd\discursiva_economia__95dc7b87.pdf,CACD_2014,cursocacd,12,5830,485.8,4,4,0,1,,2026-10-06T14:16:11.348970+00:00
data\raw\CACD_2014\cursocacd\discursiva_espanhol_frances__6ee2129f.pdf,CACD_2014,cursocacd,17,48513,2853.7,50,50,0,1,,2026-10-06T14:16:11.625457+00:00
data\raw\CACD_2014\cursocacd\discursiva_geografia__8b60c38a.pdf,CACD_2014,cursocacd,8,3705,463.1,2,2,0,1,,2026-10-06T14:16:11.871569+00:00
data\raw\CACD_2014\cursocacd\discursiva_historia__773194ed.pdf,CACD_2014,cursocacd,16,3763,235.2,4,4,0,1,,2026-10-06T14:16:12.061829+00:00
data\raw\CACD_2014\cursocacd\discursiva_ingles__e412300a.pdf,CACD_2014,cursocacd,16,13240,827.5,0,0,0,1,,2026-10-06T14:16:12.190017+00:00
data\raw\CACD_2014\cursocacd\discursiva_pol_internacional__8a2f39fe.pdf,CACD_2014,cursocacd,7,2163,309.0,2,4,0,1,,2026-10-06T14:16:12.365845+00:00
data\raw\CACD_2014\cursocacd\discursiva_portugues__fdc01653.pdf,CACD_2014,cursocacd,12,8601,716.8,0,0,0,1,,2026-10-06T14:16:12.466419+00:00
data\raw\CACD_2014\cursocacd\gabarito__6bbf8b18.pdf,CACD_2014,cursocacd,4,8146,2036.5,73,73,0,1,,2026-10-06T14:16:12.581211+00:00
data\raw\CACD_2014\cursocacd\guia_estudos__d4862fc6.pdf,CACD_2014,cursocacd,254,503945,1984.0,4,4,0,1,,2026-10-06T14:16:12.726558+00:00
data\raw\CACD_2014\cursocacd\prova_objetiva_1__6d84e2df.pdf,CACD_2014,cursocacd,12,55659,4638.2,31,31,0,1,,2026-10-06T14:16:14.961966+00:00
data\raw\CACD_2014\cursocacd\prova_objetiva_2__f77b2fa7.pdf,CACD_2014,cursocacd,12,59851,4987.6,42,73,0,1,,2026-10-06T14:16:15.457903+00:00
data\raw\CACD_2014\wayback\gabarito_definitivo__ae48be6a.pdf,CACD_2014,wayback,1,1032,1032.0,42,73,0,1,,2026-10-06T14:16:15.801765+00:00
data\raw\CACD_2014\wayback\gabarito_definitivo__b5c354ce.pdf,CACD_2014,wayback,1,838,838.0,31,31,0,1,,2026-10-06T14:16:15.857227+00:00
data\raw\CACD_2014\wayback\gabarito_preliminar__bff1efc6.pdf,CACD_2014,wayback,1,1097,1097.0,50,50,0,1,,2026-10-06T14:16:15.928606+00:00
data\raw\CACD_2014\wayback\prova_discursiva__1523617e.pdf,CACD_2014,wayback,16,3763,235.2,4,4,0,1,,2026-10-06T14:16:15.993541+00:00
data\raw\CACD_2014\wayback\prova_discursiva__24efccf9.pdf,CACD_2014,wayback,12,8601,716.8,0,0,0,1,,2026-10-06T14:16:16.128715+00:00
data\raw\CACD_2014\wayback\prova_discursiva__4291eb27.pdf,CACD_2014,wayback,12,5276,439.7,4,4,0,1,,2026-10-06T14:16:16.492451+00:00
data\raw\CACD_2014\wayback\prova_discursiva__44ad0ef2.pdf,CACD_2014,wayback,16,47387,2961.7,50,50,0,1,,2026-10-06T14:16:16.630139+00:00
data\raw\CACD_2014\wayback\prova_discursiva__83e22cb5.pdf,CACD_2014,wayback,16,13240,827.5,0,0,0,1,,2026-10-06T14:16:16.992938+00:00
data\raw\CACD_2014\wayback\prova_discursiva__cb0a23bf.pdf,CACD_2014,wayback,16,5870,366.9,4,4,0,1,,2026-10-06T14:16:17.259920+00:00
data\raw\CACD_2014\wayback\prova_discursiva__eac22c1e.pdf,CACD_2014,wayback,12,5830,485.8,4,4,0,1,,2026-10-06T14:16:17.439055+00:00
data\raw\CACD_2014\wayback\prova_objetiva__87281e21.pdf,CACD_2014,wayback,12,59851,4987.6,42,73,0,1,,2026-10-06T14:16:17.722575+00:00
data\raw\CACD_2014\wayback\prova_objetiva__e41b3fed.pdf,CACD_2014,wayback,12,55659,4638.2,31,31,0,1,,2026-10-06T14:16:18.126550+00:00
data\raw\CACD_2015\cursocacd\discursiva_direito__bd6d4a50.pdf,CACD_2015,cursocacd,11,3417,310.6,4,4,0,1,,2026-10-06T14:16:18.671821+00:00
data\raw\CACD_2015\cursocacd\discursiva_economia__899f4f0e.pdf,CACD_2015,cursocacd,11,5590,508.2,4,4,0,1,,2026-10-06T14:16:18.735024+00:00
data\raw\CACD_2015\cursocacd\discursiva_espanhol_frances__a20ce86c.pdf,CACD_2015,cursocacd,13,55881,4298.5,50,50,0,1,,2026-10-06T14:16:18.835252+00:00
data\raw\CACD_2015\cursocacd\discursiva_geografia__ba8f53c9.pdf,CACD_2015,cursocacd,7,4619,659.9,2,2,0,1,,2026-10-06T14:16:19.073026+00:00
data\raw\CACD_2015\cursocacd\discursiva_historia__4be01edc.pdf,CACD_2015,cursocacd,15,3652,243.5,4,4,0,1,,2026-10-06T14:16:19.151890+00:00
data\raw\CACD_2015\cursocacd\discursiva_ingles__f7feb51f.pdf,CACD_2015,cursocacd,15,12888,859.2,0,0,0,1,,2026-10-06T14:16:19.234844+00:00
data\raw\CACD_2015\cursocacd\discursiva_pol_internacional__3763d4c3.pdf,CACD_2015,cursocacd,7,2255,322.1,2,4,0,1,,2026-10-06T14:16:19.342924+00:00
data\raw\CACD_2015\cursocacd\discursiva_portugues__7c736c53.pdf,CACD_2015,cursocacd,11,9252,841.1,0,0,0,1,,2026-10-06T14:16:19.387457+00:00
data\raw\CACD_2015\cursocacd\gabarito__0ec234d8.pdf,CACD_2015,cursocacd,4,4227,1056.8,73,73,0,1,,2026-10-06T14:16:19.461022+00:00
data\raw\CACD_2015\cursocacd\guia_estudos__bde7b5d0.pdf,CACD_2015,cursocacd,118,516181,4374.4,4,4,0,1,,2026-10-06T14:16:19.534201+00:00
data\raw\CACD_2015\cursocacd\prova_objetiva_1__aedfc3c9.pdf,CACD_2015,cursocacd,12,59756,4979.7,31,31,0,1,,2026-10-06T14:16:21.916667+00:00
data\raw\CACD_2015\cursocacd\prova_objetiva_2__8f71eac6.pdf,CACD_2015,cursocacd,13,63422,4878.6,42,73,0,1,,2026-10-06T14:16:22.305274+00:00
data\raw\CACD_2015\wayback\gabarito_definitivo__2187d34f.pdf,CACD_2015,wayback,1,1123,1123.0,42,73,0,1,,2026-10-06T14:16:22.799524+00:00
data\raw\CACD_2015\wayback\gabarito_definitivo__3cea2e6a.pdf,CACD_2015,wayback,1,936,936.0,31,31,0,1,,2026-10-06T14:16:22.849054+00:00
data\raw\CACD_2015\wayback\gabarito_definitivo__6d25c83b.pdf,CACD_2015,wayback,1,936,936.0,31,31,0,1,,2026-10-06T14:16:22.883596+00:00
data\raw\CACD_2015\wayback\gabarito_definitivo__b7878ef2.pdf,CACD_2015,wayback,1,1123,1123.0,42,73,0,1,,2026-10-06T14:16:22.922984+00:00
data\raw\CACD_2015\wayback\gabarito_justificativa__88a7fa25.pdf,CACD_2015,wayback,2,2166,1083.0,0,0,0,1,,2026-10-06T14:16:22.958257+00:00
data\raw\CACD_2015\wayback\prova_discursiva__294ac878.pdf,CACD_2015,wayback,12,54625,4552.1,50,50,0,1,,2026-10-06T14:16:23.049152+00:00
data\raw\CACD_2015\wayback\prova_discursiva__387cbdf8.pdf,CACD_2015,wayback,15,3652,243.5,4,4,0,1,,2026-10-06T14:16:23.312496+00:00
data\raw\CACD_2015\wayback\prova_discursiva__47638705.pdf,CACD_2015,wayback,11,3417,310.6,4,4,0,1,,2026-10-06T14:16:23.389937+00:00
data\raw\CACD_2015\wayback\prova_discursiva__8ceb76f4.pdf,CACD_2015,wayback,15,6876,458.4,4,4,0,1,,2026-10-06T14:16:23.458306+00:00
data\raw\CACD_2015\wayback\prova_discursiva__a76fb427.pdf,CACD_2015,wayback,15,12888,859.2,0,0,0,1,,2026-10-06T14:16:23.541814+00:00
data\raw\CACD_2015\wayback\prova_discursiva__bcbe88d9.pdf,CACD_2015,wayback,11,5590,508.2,4,4,0,1,,2026-10-06T14:16:23.635222+00:00
data\raw\CACD_2015\wayback\prova_discursiva__eeee2fa6.pdf,CACD_2015,wayback,11,9252,841.1,0,0,0,1,,2026-10-06T14:16:23.740404+00:00
data\raw\CACD_2015\wayback\prova_objetiva__3bf18603.pdf,CACD_2015,wayback,12,59756,4979.7,31,31,0,1,,2026-10-06T14:16:23.902893+00:00
data\raw\CACD_2015\wayback\prova_objetiva__d807a564.pdf,CACD_2015,wayback,100,68539,685.4,42,73,0,1,,2026-10-06T14:16:24.220124+00:00
data\raw\CACD_2015\wayback\prova_objetiva__db008afe.pdf,CACD_2015,wayback,92,64275,698.6,31,31,0,1,,2026-10-06T14:16:24.688710+00:00
data\raw\CACD_2015\wayback\prova_objetiva__e340d825.pdf,CACD_2015,wayback,13,63422,4878.6,42,73,0,1,,2026-10-06T14:16:25.132830+00:00
data\raw\CACD_2016\cursocacd\discursiva_direito__6df17884.pdf,CACD_2016,cursocacd,11,6096,554.2,4,4,0,1,,2026-10-06T14:16:25.522511+00:00
data\raw\CACD_2016\cursocacd\discursiva_economia__86884638.pdf,CACD_2016,cursocacd,12,5657,471.4,4,4,0,1,,2026-10-06T14:16:25.648908+00:00
data\raw\CACD_2016\cursocacd\discursiva_espanhol_frances__635d7fa4.pdf,CACD_2016,cursocacd,14,53539,3824.2,50,50,0,1,,2026-10-06T14:16:26.052637+00:00
data\raw\CACD_2016\cursocacd\discursiva_geografia__2f47ef7f.pdf,CACD_2016,cursocacd,7,3614,516.3,2,4,0,1,,2026-10-06T14:16:26.584470+00:00
data\raw\CACD_2016\cursocacd\discursiva_historia__3c6f05be.pdf,CACD_2016,cursocacd,14,5787,413.4,4,4,0,1,,2026-10-06T14:16:26.705219+00:00
data\raw\CACD_2016\cursocacd\discursiva_ingles__b6fe8a27.pdf,CACD_2016,cursocacd,14,12188,870.6,0,0,0,1,,2026-10-06T14:16:26.990552+00:00
data\raw\CACD_2016\cursocacd\discursiva_pol_internacional__e2070e02.pdf,CACD_2016,cursocacd,7,3195,456.4,2,2,0,1,,2026-10-06T14:16:27.234360+00:00
data\raw\CACD_2016\cursocacd\discursiva_portugues__a453ac4f.pdf,CACD_2016,cursocacd,10,5172,517.2,0,0,0,1,,2026-10-06T14:16:27.452209+00:00
data\raw\CACD_2016\cursocacd\gabarito__3f176f16.pdf,CACD_2016,cursocacd,3,3510,1170.0,73,73,0,1,,2026-10-06T14:16:27.570479+00:00
data\raw\CACD_2016\cursocacd\guia_estudos__93ee7cf8.pdf,CACD_2016,cursocacd,244,547544,2244.0,5,12,0,1,,2026-10-06T14:16:27.696800+00:00
data\raw\CACD_2016\cursocacd\prova_objetiva_1__52fbb9d6.pdf,CACD_2016,cursocacd,11,56937,5176.1,31,31,0,1,,2026-10-06T14:16:30.224186+00:00
data\raw\CACD_2016\cursocacd\prova_objetiva_2__d6d5c0ec.pdf,CACD_2016,cursocacd,11,60169,5469.9,42,73,0,1,,2026-10-06T14:16:30.435322+00:00
data\raw\CACD_2016\wayback\gabarito_definitivo__563aa297.pdf,CACD_2016,wayback,1,1079,1079.0,42,73,0,1,,2026-10-06T14:16:30.653256+00:00
data\raw\CACD_2016\wayback\gabarito_definitivo__5ab2eecd.pdf,CACD_2016,wayback,1,933,933.0,31,31,0,1,,2026-10-06T14:16:30.694676+00:00
data\raw\CACD_2016\wayback\gabarito_definitivo__bf5223a1.pdf,CACD_2016,wayback,1,1242,1242.0,50,50,0,1,,2026-10-06T14:16:30.752913+00:00
data\raw\CACD_2016\wayback\gabarito_preliminar__37079eb2.pdf,CACD_2016,wayback,1,1051,1051.0,42,73,0,1,,2026-10-06T14:16:30.798196+00:00
data\raw\CACD_2016\wayback\gabarito_preliminar__b3ac6a0a.pdf,CACD_2016,wayback,1,905,905.0,31,31,0,1,,2026-10-06T14:16:30.830172+00:00
data\raw\CACD_2016\wayback\prova_discursiva__0ebe0604.pdf,CACD_2016,wayback,14,12188,870.6,0,0,0,1,,2026-10-06T14:16:30.879529+00:00
data\raw\CACD_2016\wayback\prova_discursiva__1b638b4e.pdf,CACD_2016,wayback,11,6096,554.2,4,4,0,1,,2026-10-06T14:16:31.033752+00:00
data\raw\CACD_2016\wayback\prova_discursiva__ad65047c.pdf,CACD_2016,wayback,14,12188,870.6,0,0,0,1,,2026-10-06T14:16:31.145966+00:00
data\raw\CACD_2016\wayback\prova_discursiva__b19f1e84.pdf,CACD_2016,wayback,10,5172,517.2,0,0,0,1,,2026-10-06T14:16:31.282294+00:00
data\raw\CACD_2016\wayback\prova_objetiva__540070ba.pdf,CACD_2016,wayback,11,56937,5176.1,31,31,0,1,,2026-10-06T14:16:31.410307+00:00
data\raw\CACD_2016\wayback\prova_objetiva__d01472d0.pdf,CACD_2016,wayback,11,60169,5469.9,42,73,0,1,,2026-10-06T14:16:31.700111+00:00
data\raw\CACD_2017\cebraspe\edital__69b39a15.pdf,CACD_2017,cebraspe,30,107419,3580.6,0,0,0,1,,2026-10-06T14:16:31.979565+00:00
data\raw\CACD_2017\cebraspe\gabarito_definitivo__e6911366.pdf,CACD_2017,cebraspe,1,988,988.0,34,34,0,1,,2026-10-06T14:16:32.552983+00:00
data\raw\CACD_2017\cebraspe\gabarito_definitivo__ed19a715.pdf,CACD_2017,cebraspe,1,1060,1060.0,39,73,0,1,,2026-10-06T14:16:32.614439+00:00
data\raw\CACD_2017\cebraspe\padrao_resposta__0841d72b.pdf,CACD_2017,cebraspe,2,3667,1833.5,1,1,0,1,,2026-10-06T14:16:32.660434+00:00
data\raw\CACD_2017\cebraspe\padrao_resposta__eda0da00.pdf,CACD_2017,cebraspe,1,1723,1723.0,0,0,0,1,,2026-10-06T14:16:32.966744+00:00
data\raw\CACD_2017\cebraspe\prova_discursiva__3bc40030.pdf,CACD_2017,cebraspe,12,6555,546.2,4,4,0,1,,2026-10-06T14:16:33.248949+00:00
data\raw\CACD_2017\cebraspe\prova_discursiva__757b6cbb.pdf,CACD_2017,cebraspe,14,6606,471.9,4,4,0,1,,2026-10-06T14:16:33.423847+00:00
data\raw\CACD_2017\cebraspe\prova_discursiva__92969592.pdf,CACD_2017,cebraspe,14,6191,442.2,4,4,0,1,,2026-10-06T14:16:33.576266+00:00
data\raw\CACD_2017\cebraspe\prova_discursiva__add96fb6.pdf,CACD_2017,cebraspe,14,19283,1377.4,0,0,0,1,,2026-10-06T14:16:33.727633+00:00
data\raw\CACD_2017\cebraspe\prova_discursiva__ae59f556.pdf,CACD_2017,cebraspe,10,5680,568.0,0,0,0,1,,2026-10-06T14:16:34.101852+00:00
data\raw\CACD_2017\cebraspe\prova_discursiva__ddb17ef0.pdf,CACD_2017,cebraspe,12,6580,548.3,4,4,0,1,,2026-10-06T14:16:34.170698+00:00
data\raw\CACD_2017\cebraspe\prova_discursiva__f1ff82c2.pdf,CACD_2017,cebraspe,14,13647,974.8,0,0,0,1,,2026-10-06T14:16:34.260239+00:00
data\raw\CACD_2017\cebraspe\prova_discursiva__fed8d20a.pdf,CACD_2017,cebraspe,12,7371,614.2,4,4,0,1,,2026-10-06T14:16:34.357098+00:00
data\raw\CACD_2017\cebraspe\prova_objetiva__278e170a.pdf,CACD_2017,cebraspe,11,59612,5419.3,34,34,0,1,,2026-10-06T14:16:34.444897+00:00
data\raw\CACD_2017\cebraspe\prova_objetiva__45bb8c00.pdf,CACD_2017,cebraspe,11,54330,4939.1,39,73,0,1,,2026-10-06T14:16:34.726667+00:00
data\raw\CACD_2017\cursocacd\discursiva_direito__cbf989f0.pdf,CACD_2017,cursocacd,12,6580,548.3,4,4,0,1,,2026-10-06T14:16:35.030246+00:00
data\raw\CACD_2017\cursocacd\discursiva_economia__62215a2a.pdf,CACD_2017,cursocacd,12,6555,546.2,4,4,0,1,,2026-10-06T14:16:35.215330+00:00
data\raw\CACD_2017\cursocacd\discursiva_espanhol_frances__0b634645.pdf,CACD_2017,cursocacd,14,19283,1377.4,0,0,0,1,,2026-10-06T14:16:35.349015+00:00
data\raw\CACD_2017\cursocacd\discursiva_geografia__a873b967.pdf,CACD_2017,cursocacd,12,7371,614.2,4,4,0,1,,2026-10-06T14:16:35.514003+00:00
data\raw\CACD_2017\cursocacd\discursiva_historia__72702f0a.pdf,CACD_2017,cursocacd,14,6606,471.9,4,4,0,1,,2026-10-06T14:16:35.663098+00:00
data\raw\CACD_2017\cursocacd\discursiva_ingles__6a827935.pdf,CACD_2017,cursocacd,14,13647,974.8,0,0,0,1,,2026-10-06T14:16:35.805140+00:00
data\raw\CACD_2017\cursocacd\discursiva_pol_internacional__ae53b28d.pdf,CACD_2017,cursocacd,14,6191,442.2,4,4,0,1,,2026-10-06T14:16:35.996949+00:00
data\raw\CACD_2017\cursocacd\discursiva_portugues__fa1f57b3.pdf,CACD_2017,cursocacd,10,5680,568.0,0,0,0,1,,2026-10-06T14:16:36.142862+00:00
data\raw\CACD_2017\cursocacd\gabarito__75091131.pdf,CACD_2017,cursocacd,4,4871,1217.8,73,73,0,1,,2026-10-06T14:16:36.359660+00:00
data\raw\CACD_2017\cursocacd\guia_estudos__b16c6c27.pdf,CACD_2017,cursocacd,227,678219,2987.7,4,4,0,1,,2026-10-06T14:16:36.459924+00:00
data\raw\CACD_2017\cursocacd\padrao_resposta__d35e2770.pdf,CACD_2017,cursocacd,38,87426,2300.7,4,4,0,1,,2026-10-06T14:16:38.823579+00:00
data\raw\CACD_2017\cursocacd\prova_objetiva_1__85ade305.pdf,CACD_2017,cursocacd,11,59612,5419.3,34,34,0,1,,2026-10-06T14:16:39.419133+00:00
data\raw\CACD_2017\cursocacd\prova_objetiva_2__cd3592b6.pdf,CACD_2017,cursocacd,11,54330,4939.1,39,73,0,1,,2026-10-06T14:16:39.622283+00:00
data\raw\CACD_2017\wayback\gabarito_preliminar__152e1ad9.pdf,CACD_2017,wayback,1,1032,1032.0,39,73,0,1,,2026-10-06T14:16:39.852166+00:00
data\raw\CACD_2017\wayback\gabarito_preliminar__4af8d8f9.pdf,CACD_2017,wayback,1,960,960.0,34,34,0,1,,2026-10-06T14:16:39.880287+00:00
data\raw\CACD_2018\cebraspe\edital__3f99427e.pdf,CACD_2018,cebraspe,32,117914,3684.8,0,0,0,1,,2026-10-06T14:16:39.925751+00:00
data\raw\CACD_2018\cebraspe\gabarito_definitivo__25ea8df3.pdf,CACD_2018,cebraspe,1,1059,1059.0,39,73,0,1,,2026-10-06T14:16:40.801084+00:00
data\raw\CACD_2018\cebraspe\gabarito_definitivo__fb529524.pdf,CACD_2018,cebraspe,1,992,992.0,34,34,0,1,,2026-10-06T14:16:40.870487+00:00
data\raw\CACD_2018\cebraspe\gabarito_preliminar__739f5f2d.pdf,CACD_2018,cebraspe,1,964,964.0,34,34,0,1,,2026-10-06T14:16:41.005475+00:00
data\raw\CACD_2018\cebraspe\gabarito_preliminar__c9c2f7e7.pdf,CACD_2018,cebraspe,1,1031,1031.0,39,73,0,1,,2026-10-06T14:16:41.069302+00:00
data\raw\CACD_2018\cebraspe\padrao_resposta__5b3adce8.pdf,CACD_2018,cebraspe,4,10413,2603.2,4,4,0,1,,2026-10-06T14:16:41.104019+00:00
data\raw\CACD_2018\cebraspe\padrao_resposta__9824dd3d.pdf,CACD_2018,cebraspe,4,5759,1439.8,0,0,0,1,,2026-10-06T14:16:41.385412+00:00
data\raw\CACD_2018\cebraspe\padrao_resposta__b00b9fad.pdf,CACD_2018,cebraspe,4,10812,2703.0,0,0,0,1,,2026-10-06T14:16:41.490866+00:00
data\raw\CACD_2018\cebraspe\padrao_resposta__b4dff7db.pdf,CACD_2018,cebraspe,3,4369,1456.3,0,0,0,1,,2026-10-06T14:16:41.633297+00:00
data\raw\CACD_2018\cebraspe\padrao_resposta__babbb561.pdf,CACD_2018,cebraspe,4,11965,2991.2,4,4,0,1,,2026-10-06T14:16:41.824349+00:00
data\raw\CACD_2018\cebraspe\padrao_resposta__bf7842fa.pdf,CACD_2018,cebraspe,4,4692,1173.0,4,4,0,1,,2026-10-06T14:16:41.941670+00:00
data\raw\CACD_2018\cebraspe\padrao_resposta__e554f6aa.pdf,CACD_2018,cebraspe,7,16191,2313.0,4,4,0,1,,2026-10-06T14:16:42.059525+00:00
data\raw\CACD_2018\cebraspe\padrao_resposta__ec6e100c.pdf,CACD_2018,cebraspe,7,23313,3330.4,4,4,0,1,,2026-10-06T14:16:42.238726+00:00
data\raw\CACD_2018\cebraspe\prova_discursiva__4fa2a87f.pdf,CACD_2018,cebraspe,10,8307,830.7,0,0,0,1,,2026-10-06T14:16:42.518165+00:00
data\raw\CACD_2018\cebraspe\prova_discursiva__da059bd6.pdf,CACD_2018,cebraspe,13,11945,918.8,0,0,0,1,,2026-10-06T14:16:42.606047+00:00
data\raw\CACD_2018\cebraspe\prova_objetiva__07e96d27.pdf,CACD_2018,cebraspe,14,70252,5018.0,39,73,0,1,,2026-10-06T14:16:42.722428+00:00
data\raw\CACD_2018\cebraspe\prova_objetiva__875157a4.pdf,CACD_2018,cebraspe,15,70831,4722.1,34,34,0,1,,2026-10-06T14:16:43.133587+00:00
data\raw\CACD_2018\cursocacd\discursiva_direito__7972eab2.pdf,CACD_2018,cursocacd,12,6689,557.4,4,4,0,1,,2026-10-06T14:16:43.581302+00:00
data\raw\CACD_2018\cursocacd\discursiva_economia__cdd6ace5.pdf,CACD_2018,cursocacd,12,7754,646.2,4,4,0,1,,2026-10-06T14:16:43.722094+00:00
data\raw\CACD_2018\cursocacd\discursiva_espanhol_frances__943ac4c7.pdf,CACD_2018,cursocacd,12,16425,1368.8,0,0,0,1,,2026-10-06T14:16:43.931463+00:00
data\raw\CACD_2018\cursocacd\discursiva_geografia__a35b05ad.pdf,CACD_2018,cursocacd,12,8318,693.2,4,4,0,1,,2026-10-06T14:16:44.285200+00:00
data\raw\CACD_2018\cursocacd\discursiva_historia__489e0531.pdf,CACD_2018,cursocacd,14,7823,558.8,4,4,0,1,,2026-10-06T14:16:44.484481+00:00
data\raw\CACD_2018\cursocacd\discursiva_ingles__86367947.pdf,CACD_2018,cursocacd,13,11945,918.8,0,0,0,1,,2026-10-06T14:16:44.670772+00:00
data\raw\CACD_2018\cursocacd\discursiva_pol_internacional__396be32a.pdf,CACD_2018,cursocacd,14,6636,474.0,4,4,0,1,,2026-10-06T14:16:44.888261+00:00
data\raw\CACD_2018\cursocacd\discursiva_portugues__f90e6eef.pdf,CACD_2018,cursocacd,10,8307,830.7,0,0,0,1,,2026-10-06T14:16:45.017045+00:00
data\raw\CACD_2018\cursocacd\gabarito__906cbf9c.pdf,CACD_2018,cursocacd,4,4681,1170.2,73,73,0,1,,2026-10-06T14:16:45.104849+00:00
data\raw\CACD_2018\cursocacd\guia_estudos__6f80cafe.pdf,CACD_2018,cursocacd,441,924518,2096.4,5,4,0,1,,2026-10-06T14:16:45.231683+00:00
data\raw\CACD_2018\cursocacd\padrao_resposta__ae802372.pdf,CACD_2018,cursocacd,37,87509,2365.1,4,4,0,1,,2026-10-06T14:16:48.776681+00:00
data\raw\CACD_2018\cursocacd\prova_objetiva_1__f9bedc4f.pdf,CACD_2018,cursocacd,15,70831,4722.1,34,34,0,1,,2026-10-06T14:16:49.812953+00:00
data\raw\CACD_2018\cursocacd\prova_objetiva_2__b083db41.pdf,CACD_2018,cursocacd,14,70252,5018.0,39,73,0,1,,2026-10-06T14:16:50.075262+00:00
data\raw\CACD_2018\wayback\prova_discursiva__21cde616.pdf,CACD_2018,wayback,12,6689,557.4,4,4,0,1,,2026-10-06T14:16:50.296981+00:00
data\raw\CACD_2018\wayback\prova_discursiva__2c64377f.pdf,CACD_2018,wayback,14,6636,474.0,4,4,0,1,,2026-10-06T14:16:50.398913+00:00
data\raw\CACD_2018\wayback\prova_discursiva__5438089b.pdf,CACD_2018,wayback,14,7823,558.8,4,4,0,1,,2026-10-06T14:16:50.496180+00:00
data\raw\CACD_2018\wayback\prova_discursiva__91d833e3.pdf,CACD_2018,wayback,12,7754,646.2,4,4,0,1,,2026-10-06T14:16:50.626646+00:00
data\raw\CACD_2018\wayback\prova_discursiva__927d3060.pdf,CACD_2018,wayback,12,16425,1368.8,0,0,0,1,,2026-10-06T14:16:50.780462+00:00
data\raw\CACD_2018\wayback\prova_discursiva__a8c66264.pdf,CACD_2018,wayback,12,8318,693.2,4,4,0,1,,2026-10-06T14:16:50.933472+00:00
data\raw\CACD_2019\clipping\prova_objetiva__440bb95f.pdf,CACD_2019,clipping,14,13,0.9,0,0,1,1,,2026-10-06T14:16:51.027401+00:00
data\raw\CACD_2019\cursocacd\discursiva_direito__3f3bbb1e.pdf,CACD_2019,cursocacd,15,13519,901.3,4,4,0,1,,2026-10-06T14:16:51.214132+00:00
data\raw\CACD_2019\cursocacd\discursiva_economia__d2be8183.pdf,CACD_2019,cursocacd,15,11785,785.7,4,4,0,1,,2026-10-06T14:16:51.493960+00:00
data\raw\CACD_2019\cursocacd\discursiva_espanhol_frances__a4198939.pdf,CACD_2019,cursocacd,18,24535,1363.1,0,0,0,1,,2026-10-06T14:16:51.604407+00:00
data\raw\CACD_2019\cursocacd\discursiva_geografia__88335edc.pdf,CACD_2019,cursocacd,15,13387,892.5,4,4,0,1,,2026-10-06T14:16:51.828902+00:00
data\raw\CACD_2019\cursocacd\discursiva_historia__65202b6c.pdf,CACD_2019,cursocacd,19,14353,755.4,4,4,0,1,,2026-10-06T14:16:51.976915+00:00
data\raw\CACD_2019\cursocacd\discursiva_ingles__ed2dda00.pdf,CACD_2019,cursocacd,12,19536,1628.0,0,0,0,1,,2026-10-06T14:16:52.177513+00:00
data\raw\CACD_2019\cursocacd\discursiva_pol_internacional__4f857e45.pdf,CACD_2019,cursocacd,19,16312,858.5,4,4,0,1,,2026-10-06T14:16:52.382826+00:00
data\raw\CACD_2019\cursocacd\discursiva_portugues__2f356599.pdf,CACD_2019,cursocacd,9,11625,1291.7,0,0,0,1,,2026-10-06T14:16:52.772992+00:00
data\raw\CACD_2019\cursocacd\gabarito__6db5359f.pdf,CACD_2019,cursocacd,6,18933,3155.5,75,73,0,1,,2026-10-06T14:16:53.293394+00:00
data\raw\CACD_2019\cursocacd\guia_estudos__6740734c.pdf,CACD_2019,cursocacd,112,634326,5663.6,4,4,0,1,,2026-10-06T14:16:53.759823+00:00
data\raw\CACD_2019\cursocacd\padrao_resposta__cb410f84.pdf,CACD_2019,cursocacd,40,161280,4032.0,4,4,0,1,,2026-10-06T14:16:56.045406+00:00
data\raw\CACD_2019\cursocacd\prova_objetiva_1__b3257ad2.pdf,CACD_2019,cursocacd,15,81851,5456.7,34,34,0,1,,2026-10-06T14:16:57.392084+00:00
data\raw\CACD_2019\cursocacd\prova_objetiva_2__bf883c10.pdf,CACD_2019,cursocacd,13,66926,5148.2,39,73,0,1,,2026-10-06T14:16:58.029827+00:00
data\raw\CACD_2019\mre\edital__f5ee8d31.pdf,CACD_2019,mre,8,122585,15323.1,0,0,0,1,,2026-10-06T14:16:58.678220+00:00
data\raw\CACD_2020_2021\cursocacd\discursiva_direito__5dbd2ad2.pdf,CACD_2020_2021,cursocacd,13,13521,1040.1,4,4,0,1,,2026-10-06T14:17:00.110571+00:00
data\raw\CACD_2020_2021\cursocacd\discursiva_economia__5ee93fd4.pdf,CACD_2020_2021,cursocacd,13,11984,921.8,4,4,0,1,,2026-10-06T14:17:00.788489+00:00
data\raw\CACD_2020_2021\cursocacd\discursiva_espanhol_frances__3f7de1e7.pdf,CACD_2020_2021,cursocacd,16,26717,1669.8,0,0,0,1,,2026-10-06T14:17:01.174385+00:00
data\raw\CACD_2020_2021\cursocacd\discursiva_geografia__f788e4af.pdf,CACD_2020_2021,cursocacd,13,13554,1042.6,4,4,0,1,,2026-10-06T14:17:01.457200+00:00
data\raw\CACD_2020_2021\cursocacd\discursiva_historia__1474e3c1.pdf,CACD_2020_2021,cursocacd,15,15412,1027.5,4,4,0,1,,2026-10-06T14:17:02.038701+00:00
data\raw\CACD_2020_2021\cursocacd\discursiva_ingles__cca40917.pdf,CACD_2020_2021,cursocacd,14,18055,1289.6,0,0,0,1,,2026-10-06T14:17:02.309128+00:00
data\raw\CACD_2020_2021\cursocacd\discursiva_pol_internacional__848ee7ee.pdf,CACD_2020_2021,cursocacd,15,12927,861.8,4,4,0,1,,2026-10-06T14:17:03.020720+00:00
data\raw\CACD_2020_2021\cursocacd\discursiva_portugues__f1e69744.pdf,CACD_2020_2021,cursocacd,11,17515,1592.3,0,0,0,1,,2026-10-06T14:17:03.325601+00:00
data\raw\CACD_2020_2021\cursocacd\gabarito__552cc6d3.pdf,CACD_2020_2021,cursocacd,7,21521,3074.4,74,73,0,1,,2026-10-06T14:17:03.880043+00:00
data\raw\CACD_2020_2021\cursocacd\guia_estudos__b4a140c7.pdf,CACD_2020_2021,cursocacd,244,820500,3362.7,7,4,0,1,,2026-10-06T14:17:04.613975+00:00
data\raw\CACD_2020_2021\cursocacd\padrao_resposta__54fffa16.pdf,CACD_2020_2021,cursocacd,47,192332,4092.2,4,4,0,1,,2026-10-06T14:17:07.280347+00:00
data\raw\CACD_2020_2021\cursocacd\prova_objetiva_1__64f2e6d8.pdf,CACD_2020_2021,cursocacd,15,72376,4825.1,34,34,0,1,,2026-10-06T14:17:08.298145+00:00
data\raw\CACD_2020_2021\cursocacd\prova_objetiva_2__b74dea8a.pdf,CACD_2020_2021,cursocacd,13,62726,4825.1,39,73,0,1,,2026-10-06T14:17:08.585221+00:00
data\raw\CACD_2022\cursocacd\discursiva_direito__1256a794.pdf,CACD_2022,cursocacd,13,17563,1351.0,4,4,0,1,,2026-10-06T14:17:08.932036+00:00
data\raw\CACD_2022\cursocacd\discursiva_economia__4032d7e9.pdf,CACD_2022,cursocacd,13,10000,769.2,4,4,0,1,,2026-10-06T14:17:09.230031+00:00
data\raw\CACD_2022\cursocacd\discursiva_espanhol_frances__03534fae.pdf,CACD_2022,cursocacd,16,25479,1592.4,0,0,0,1,,2026-10-06T14:17:09.378196+00:00
data\raw\CACD_2022\cursocacd\discursiva_geografia__092f3fdd.pdf,CACD_2022,cursocacd,13,11348,872.9,4,4,0,1,,2026-10-06T14:17:09.602843+00:00
data\raw\CACD_2022\cursocacd\discursiva_historia__3a89a5d6.pdf,CACD_2022,cursocacd,15,12443,829.5,4,4,0,1,,2026-10-06T14:17:09.870042+00:00
data\raw\CACD_2022\cursocacd\discursiva_ingles__00c2757d.pdf,CACD_2022,cursocacd,14,15952,1139.4,0,0,0,1,,2026-10-06T14:17:10.094020+00:00
data\raw\CACD_2022\cursocacd\discursiva_pol_internacional__ec9d9f9b.pdf,CACD_2022,cursocacd,15,12641,842.7,4,4,0,1,,2026-10-06T14:17:10.450063+00:00
data\raw\CACD_2022\cursocacd\discursiva_portugues__9680a69e.pdf,CACD_2022,cursocacd,11,17028,1548.0,0,0,0,1,,2026-10-06T14:17:10.599942+00:00
data\raw\CACD_2022\cursocacd\gabarito__856f9651.pdf,CACD_2022,cursocacd,6,17751,2958.5,73,73,0,1,,2026-10-06T14:17:10.918371+00:00
data\raw\CACD_2022\cursocacd\guia_estudos__fedf8cb4.pdf,CACD_2022,cursocacd,369,968941,2625.9,8,4,0,1,,2026-10-06T14:17:11.394979+00:00
data\raw\CACD_2022\cursocacd\padrao_resposta__0f45a12b.pdf,CACD_2022,cursocacd,37,161775,4372.3,4,4,0,1,,2026-10-06T14:17:16.262582+00:00
data\raw\CACD_2022\cursocacd\prova_objetiva_1__52befe35.pdf,CACD_2022,cursocacd,15,71540,4769.3,34,34,0,1,,2026-10-06T14:17:18.193205+00:00
data\raw\CACD_2022\cursocacd\prova_objetiva_2__b6809e16.pdf,CACD_2022,cursocacd,17,75391,4434.8,39,73,0,1,,2026-10-06T14:17:18.595779+00:00
data\raw\CACD_2022\mre\edital__4a291b20.pdf,CACD_2022,mre,36,136037,3778.8,0,0,0,1,,2026-10-06T14:17:19.421111+00:00
data\raw\CACD_2022\qconcursos\prova_objetiva__765df523.pdf,CACD_2022,qconcursos,17,75391,4434.8,39,73,0,1,,2026-10-06T14:17:20.211418+00:00
data\raw\CACD_2023\cursocacd\discursiva_direito__3b540229.pdf,CACD_2023,cursocacd,14,14915,1065.4,4,4,0,1,,2026-10-06T14:17:21.134240+00:00
data\raw\CACD_2023\cursocacd\discursiva_economia__9342d7ca.pdf,CACD_2023,cursocacd,14,10257,732.6,4,4,0,1,,2026-10-06T14:17:21.955791+00:00
data\raw\CACD_2023\cursocacd\discursiva_espanhol_frances__0f09aaf5.pdf,CACD_2023,cursocacd,18,26119,1451.1,0,0,0,1,,2026-10-06T14:17:22.157307+00:00
data\raw\CACD_2023\cursocacd\discursiva_geografia__ec337185.pdf,CACD_2023,cursocacd,14,12638,902.7,4,4,0,1,,2026-10-06T14:17:22.565029+00:00
data\raw\CACD_2023\cursocacd\discursiva_historia__f416fab4.pdf,CACD_2023,cursocacd,16,11738,733.6,4,4,0,1,,2026-10-06T14:17:22.701142+00:00
data\raw\CACD_2023\cursocacd\discursiva_ingles__e06914dc.pdf,CACD_2023,cursocacd,14,17301,1235.8,0,0,0,1,,2026-10-06T14:17:22.918895+00:00
data\raw\CACD_2023\cursocacd\discursiva_pol_internacional__dcbffe15.pdf,CACD_2023,cursocacd,16,10881,680.1,4,4,0,1,,2026-10-06T14:17:23.076112+00:00
data\raw\CACD_2023\cursocacd\discursiva_portugues__1b99ca71.pdf,CACD_2023,cursocacd,10,12921,1292.1,0,0,0,1,,2026-10-06T14:17:23.199652+00:00
data\raw\CACD_2023\cursocacd\gabarito__2c8b7c52.pdf,CACD_2023,cursocacd,6,18158,3026.3,74,73,0,1,,2026-10-06T14:17:23.331658+00:00
data\raw\CACD_2023\cursocacd\guia_estudos__db4917b2.pdf,CACD_2023,cursocacd,614,1028433,1675.0,4,4,0,1,,2026-10-06T14:17:23.786239+00:00
data\raw\CACD_2023\cursocacd\padrao_resposta__ec55cbdd.pdf,CACD_2023,cursocacd,63,184624,2930.5,4,4,0,1,,2026-10-06T14:17:31.863180+00:00
data\raw\CACD_2023\cursocacd\prova_objetiva_1__3ef65757.pdf,CACD_2023,cursocacd,16,72336,4521.0,35,35,0,1,,2026-10-06T14:17:32.955063+00:00
data\raw\CACD_2023\cursocacd\prova_objetiva_2__18af7a81.pdf,CACD_2023,cursocacd,16,72356,4522.2,38,73,0,1,,2026-10-06T14:17:33.431672+00:00
data\raw\CACD_2023\mre\edital__049f42e4.pdf,CACD_2023,mre,38,137793,3626.1,0,0,0,1,,2026-10-06T14:17:33.776640+00:00
data\raw\CACD_2024\cebraspe\edital__0efc8f33.pdf,CACD_2024,cebraspe,47,152386,3242.3,0,0,0,1,,2026-10-06T14:17:34.644729+00:00
data\raw\CACD_2024\cebraspe\edital__16f1ac0e.pdf,CACD_2024,cebraspe,47,152621,3247.3,0,0,0,1,,2026-10-06T14:17:35.596738+00:00
data\raw\CACD_2024\cebraspe\gabarito_definitivo__156fabd2.pdf,CACD_2024,cebraspe,1,945,945.0,32,33,0,1,,2026-10-06T14:17:36.293638+00:00
data\raw\CACD_2024\cebraspe\gabarito_definitivo__d43e94f7.pdf,CACD_2024,cebraspe,1,912,912.0,32,65,0,1,,2026-10-06T14:17:36.321630+00:00
data\raw\CACD_2024\cebraspe\gabarito_justificativa__9f2d57f6.pdf,CACD_2024,cebraspe,2,4699,2349.5,0,0,0,1,,2026-10-06T14:17:36.348942+00:00
data\raw\CACD_2024\cebraspe\padrao_resposta__05fb96e2.pdf,CACD_2024,cebraspe,8,20246,2530.8,4,4,0,1,,2026-10-06T14:17:36.443409+00:00
data\raw\CACD_2024\cebraspe\padrao_resposta__214c9f3b.pdf,CACD_2024,cebraspe,5,15943,3188.6,4,4,0,1,,2026-10-06T14:17:36.594501+00:00
data\raw\CACD_2024\cebraspe\padrao_resposta__369e5d0f.pdf,CACD_2024,cebraspe,2,3998,1999.0,0,0,0,1,,2026-10-06T14:17:36.745021+00:00
data\raw\CACD_2024\cebraspe\padrao_resposta__47ae5134.pdf,CACD_2024,cebraspe,4,13301,3325.2,0,0,0,1,,2026-10-06T14:17:36.854100+00:00
data\raw\CACD_2024\cebraspe\padrao_resposta__62f08438.pdf,CACD_2024,cebraspe,2,6178,3089.0,0,0,0,1,,2026-10-06T14:17:37.073667+00:00
data\raw\CACD_2024\cebraspe\padrao_resposta__a7c8e922.pdf,CACD_2024,cebraspe,7,28666,4095.1,4,4,0,1,,2026-10-06T14:17:37.252217+00:00
data\raw\CACD_2024\cebraspe\padrao_resposta__ac66202b.pdf,CACD_2024,cebraspe,8,33696,4212.0,4,4,0,1,,2026-10-06T14:17:37.899823+00:00
data\raw\CACD_2024\cebraspe\padrao_resposta__ede952c1.pdf,CACD_2024,cebraspe,7,22987,3283.9,4,4,0,1,,2026-10-06T14:17:38.384470+00:00
data\raw\CACD_2024\cebraspe\prova_discursiva__14f267b4.pdf,CACD_2024,cebraspe,7,14451,2064.4,0,0,0,1,,2026-10-06T14:17:38.787947+00:00
data\raw\CACD_2024\cebraspe\prova_discursiva__30b6043e.pdf,CACD_2024,cebraspe,12,10383,865.2,4,4,0,1,,2026-10-06T14:17:38.960221+00:00
data\raw\CACD_2024\cebraspe\prova_discursiva__34ade32c.pdf,CACD_2024,cebraspe,12,9823,818.6,4,4,0,1,,2026-10-06T14:17:39.159753+00:00
data\raw\CACD_2024\cebraspe\prova_discursiva__6bb197c3.pdf,CACD_2024,cebraspe,14,24977,1784.1,0,0,0,1,,2026-10-06T14:17:39.298383+00:00
data\raw\CACD_2024\cebraspe\prova_discursiva__7eeca014.pdf,CACD_2024,cebraspe,12,9262,771.8,4,4,0,1,,2026-10-06T14:17:39.437560+00:00
data\raw\CACD_2024\cebraspe\prova_discursiva__988d6df2.pdf,CACD_2024,cebraspe,6,5673,945.5,0,0,0,1,,2026-10-06T14:17:39.555032+00:00
data\raw\CACD_2024\cebraspe\prova_discursiva__ac62acfb.pdf,CACD_2024,cebraspe,12,11018,918.2,4,4,0,1,,2026-10-06T14:17:39.715253+00:00
data\raw\CACD_2024\cebraspe\prova_discursiva__fe623f90.pdf,CACD_2024,cebraspe,12,9769,814.1,4,4,0,1,,2026-10-06T14:17:39.854785+00:00
data\raw\CACD_2024\cebraspe\prova_objetiva__16ef5089.pdf,CACD_2024,cebraspe,10,52050,5205.0,33,33,0,1,,2026-10-06T14:17:39.948941+00:00
data\raw\CACD_2024\cebraspe\prova_objetiva__92fee4e3.pdf,CACD_2024,cebraspe,9,49061,5451.2,32,65,0,1,,2026-10-06T14:17:40.190839+00:00
data\raw\CACD_2024\cursocacd\discursiva_direito__fae4a98e.pdf,CACD_2024,cursocacd,12,9823,818.6,4,4,0,1,,2026-10-06T14:17:40.938872+00:00
data\raw\CACD_2024\cursocacd\discursiva_economia__dfd7bd05.pdf,CACD_2024,cursocacd,12,9769,814.1,4,4,0,1,,2026-10-06T14:17:41.238275+00:00
data\raw\CACD_2024\cursocacd\discursiva_espanhol_frances__dc8d8b38.pdf,CACD_2024,cursocacd,14,24977,1784.1,0,0,0,1,,2026-10-06T14:17:41.610372+00:00
data\raw\CACD_2024\cursocacd\discursiva_geografia__14d708f5.pdf,CACD_2024,cursocacd,12,10383,865.2,4,4,0,1,,2026-10-06T14:17:41.975867+00:00
data\raw\CACD_2024\cursocacd\discursiva_historia__8b1c879a.pdf,CACD_2024,cursocacd,12,9262,771.8,4,4,0,1,,2026-10-06T14:17:42.072642+00:00
data\raw\CACD_2024\cursocacd\discursiva_ingles__5cf15ea9.pdf,CACD_2024,cursocacd,6,5673,945.5,0,0,0,1,,2026-10-06T14:17:42.158205+00:00
data\raw\CACD_2024\cursocacd\discursiva_pol_internacional__5002db3d.pdf,CACD_2024,cursocacd,12,11018,918.2,4,4,0,1,,2026-10-06T14:17:42.422134+00:00
data\raw\CACD_2024\cursocacd\discursiva_portugues__d764f126.pdf,CACD_2024,cursocacd,7,14451,2064.4,0,0,0,1,,2026-10-06T14:17:42.508737+00:00
data\raw\CACD_2024\cursocacd\gabarito__b6d2e732.pdf,CACD_2024,cursocacd,4,6483,1620.8,64,65,0,1,,2026-10-06T14:17:42.599553+00:00
data\raw\CACD_2024\cursocacd\guia_estudos__0756552a.pdf,CACD_2024,cursocacd,539,942764,1749.1,4,4,0,1,,2026-10-06T14:17:42.691548+00:00
data\raw\CACD_2024\cursocacd\padrao_resposta__f541d693.pdf,CACD_2024,cursocacd,43,144988,3371.8,4,4,0,1,,2026-10-06T14:17:45.591625+00:00
data\raw\CACD_2024\cursocacd\prova_objetiva_1__e201176a.pdf,CACD_2024,cursocacd,10,52050,5205.0,33,33,0,1,,2026-10-06T14:17:47.769977+00:00
data\raw\CACD_2024\cursocacd\prova_objetiva_2__5525844a.pdf,CACD_2024,cursocacd,9,49061,5451.2,32,65,0,1,,2026-10-06T14:17:48.187575+00:00
data\raw\CACD_2025\cebraspe\edital__0f607c1c.pdf,CACD_2025,cebraspe,52,164561,3164.6,0,0,0,1,,2026-10-06T14:17:48.519669+00:00
data\raw\CACD_2025\cebraspe\edital__5a4e3303.pdf,CACD_2025,cebraspe,55,166863,3033.9,0,0,0,1,,2026-10-06T14:17:49.476148+00:00
data\raw\CACD_2025\cebraspe\gabarito_definitivo__c40aba2f.pdf,CACD_2025,cebraspe,1,1690,1690.0,0,0,0,1,,2026-10-06T14:17:50.557850+00:00
data\raw\CACD_2025\cebraspe\gabarito_definitivo__d1cb7645.pdf,CACD_2025,cebraspe,1,1582,1582.0,0,0,0,1,,2026-10-06T14:17:50.718347+00:00
data\raw\CACD_2025\cebraspe\gabarito_justificativa__d8d942eb.pdf,CACD_2025,cebraspe,2,2919,1459.5,0,0,0,1,,2026-10-06T14:17:50.795389+00:00
data\raw\CACD_2025\cebraspe\padrao_resposta__31d2d8be.pdf,CACD_2025,cebraspe,4,10756,2689.0,4,4,0,1,,2026-10-06T14:17:50.934507+00:00
data\raw\CACD_2025\cebraspe\padrao_resposta__43d72d22.pdf,CACD_2025,cebraspe,4,12092,3023.0,0,0,0,1,,2026-10-06T14:17:51.146094+00:00
data\raw\CACD_2025\cebraspe\padrao_resposta__4e3fefa7.pdf,CACD_2025,cebraspe,6,27429,4571.5,4,4,0,1,,2026-10-06T14:17:51.378607+00:00
data\raw\CACD_2025\cebraspe\padrao_resposta__6bce0a05.pdf,CACD_2025,cebraspe,2,6739,3369.5,0,0,0,1,,2026-10-06T14:17:51.589330+00:00
data\raw\CACD_2025\cebraspe\padrao_resposta__7ec583de.pdf,CACD_2025,cebraspe,4,12418,3104.5,4,4,0,1,,2026-10-06T14:17:51.692677+00:00
data\raw\CACD_2025\cebraspe\padrao_resposta__84f192ba.pdf,CACD_2025,cebraspe,4,13326,3331.5,4,4,0,1,,2026-10-06T14:17:52.030661+00:00
data\raw\CACD_2025\cebraspe\padrao_resposta__aedc1655.pdf,CACD_2025,cebraspe,2,6880,3440.0,0,0,0,1,,2026-10-06T14:17:52.215973+00:00
data\raw\CACD_2025\cebraspe\padrao_resposta__eeb31e38.pdf,CACD_2025,cebraspe,7,28991,4141.6,4,4,0,1,,2026-10-06T14:17:52.286673+00:00
data\raw\CACD_2025\cebraspe\prova_discursiva__02658b99.pdf,CACD_2025,cebraspe,12,8660,721.7,4,4,0,1,,2026-10-06T14:17:52.481845+00:00
data\raw\CACD_2025\cebraspe\prova_discursiva__34f0fe78.pdf,CACD_2025,cebraspe,10,7921,792.1,4,4,0,1,,2026-10-06T14:17:52.554924+00:00
data\raw\CACD_2025\cebraspe\prova_discursiva__3e3a4996.pdf,CACD_2025,cebraspe,11,10364,942.2,4,4,0,1,,2026-10-06T14:17:52.633387+00:00
data\raw\CACD_2025\cebraspe\prova_discursiva__469adbd7.pdf,CACD_2025,cebraspe,8,17161,2145.1,0,0,0,1,,2026-10-06T14:17:52.705180+00:00
data\raw\CACD_2025\cebraspe\prova_discursiva__74998386.pdf,CACD_2025,cebraspe,11,8543,776.6,4,4,0,1,,2026-10-06T14:17:52.814219+00:00
data\raw\CACD_2025\cebraspe\prova_discursiva__8ea234b1.pdf,CACD_2025,cebraspe,12,17853,1487.8,0,0,0,1,,2026-10-06T14:17:52.898759+00:00
data\raw\CACD_2025\cebraspe\prova_discursiva__a20c4c38.pdf,CACD_2025,cebraspe,11,8278,752.5,4,4,0,1,,2026-10-06T14:17:53.003692+00:00
data\raw\CACD_2025\cebraspe\prova_discursiva__c4cd691f.pdf,CACD_2025,cebraspe,6,8041,1340.2,0,0,0,1,,2026-10-06T14:17:53.088470+00:00
data\raw\CACD_2025\cebraspe\prova_objetiva__17a38df1.pdf,CACD_2025,cebraspe,8,47264,5908.0,0,0,0,1,,2026-10-06T14:17:53.171542+00:00
data\raw\CACD_2025\cebraspe\prova_objetiva__f42667ec.pdf,CACD_2025,cebraspe,8,46748,5843.5,0,0,0,1,,2026-10-06T14:17:53.386159+00:00
data\raw\CACD_2025\cursocacd\discursiva_direito__42f0eaba.pdf,CACD_2025,cursocacd,10,7921,792.1,4,4,0,1,,2026-10-06T14:17:53.573605+00:00
data\raw\CACD_2025\cursocacd\discursiva_economia__b4317195.pdf,CACD_2025,cursocacd,11,8543,776.6,4,4,0,1,,2026-10-06T14:17:53.677615+00:00
data\raw\CACD_2025\cursocacd\discursiva_espanhol_frances__99785c6a.pdf,CACD_2025,cursocacd,12,17853,1487.8,0,0,0,1,,2026-10-06T14:17:53.741954+00:00
data\raw\CACD_2025\cursocacd\discursiva_geografia__7772b423.pdf,CACD_2025,cursocacd,11,8278,752.5,4,4,0,1,,2026-10-06T14:17:53.822015+00:00
data\raw\CACD_2025\cursocacd\discursiva_historia__2f0fc3e5.pdf,CACD_2025,cursocacd,12,8660,721.7,4,4,0,1,,2026-10-06T14:17:53.897504+00:00
data\raw\CACD_2025\cursocacd\discursiva_ingles__a4a6733e.pdf,CACD_2025,cursocacd,6,8041,1340.2,0,0,0,1,,2026-10-06T14:17:53.965910+00:00
data\raw\CACD_2025\cursocacd\discursiva_pol_internacional__429a82b2.pdf,CACD_2025,cursocacd,11,10364,942.2,4,4,0,1,,2026-10-06T14:17:54.019143+00:00
data\raw\CACD_2025\cursocacd\discursiva_portugues__b65da8a3.pdf,CACD_2025,cursocacd,8,17161,2145.1,0,0,0,1,,2026-10-06T14:17:54.088229+00:00
data\raw\CACD_2025\cursocacd\gabarito__13a7fcda.pdf,CACD_2025,cursocacd,4,6193,1548.2,0,0,0,1,,2026-10-06T14:17:54.169011+00:00
data\raw\CACD_2025\cursocacd\guia_estudos__ded9859e.pdf,CACD_2025,cursocacd,277,738729,2666.9,8,4,0,1,,2026-10-06T14:17:54.275739+00:00
data\raw\CACD_2025\cursocacd\padrao_resposta__ceaf0c4d.pdf,CACD_2025,cursocacd,33,118638,3595.1,4,4,0,1,,2026-10-06T14:18:16.038961+00:00
data\raw\CACD_2025\cursocacd\prova_objetiva_1__909169c0.pdf,CACD_2025,cursocacd,8,47264,5908.0,0,0,0,1,,2026-10-06T14:18:17.418080+00:00
data\raw\CACD_2025\cursocacd\prova_objetiva_2__2b135ea4.pdf,CACD_2025,cursocacd,8,46748,5843.5,0,0,0,1,,2026-10-06T14:18:17.655486+00:00
data\raw\CACD_2026\cebraspe\edital__5496df8a.pdf,CACD_2026,cebraspe,63,194037,3080.0,0,0,0,1,,2026-10-06T14:18:17.995782+00:00
data\raw\CACD_2026\cebraspe\edital__bc3bf4b6.pdf,CACD_2026,cebraspe,64,193762,3027.5,0,0,0,1,,2026-10-06T14:18:19.043332+00:00
data\raw\CACD_2026\cebraspe\edital_retificacao__9f766389.pdf,CACD_2026,cebraspe,7,18390,2627.1,0,0,0,1,,2026-10-06T14:18:19.835245+00:00
data\raw\CACD_2026\cebraspe\gabarito_definitivo__6380322e.pdf,CACD_2026,cebraspe,1,1586,1586.0,0,0,0,1,,2026-10-06T14:18:20.004991+00:00
data\raw\CACD_2026\cebraspe\gabarito_definitivo__89c364da.pdf,CACD_2026,cebraspe,1,1695,1695.0,0,0,0,1,,2026-10-06T14:18:20.101647+00:00
data\raw\CACD_2026\cebraspe\gabarito_justificativa__c3cc430b.pdf,CACD_2026,cebraspe,1,2237,2237.0,0,0,0,1,,2026-10-06T14:18:20.186084+00:00
data\raw\CACD_2026\cebraspe\padrao_resposta__1cecb3c5.pdf,CACD_2026,cebraspe,4,7896,1974.0,4,4,0,1,,2026-10-06T14:18:20.304094+00:00
data\raw\CACD_2026\cebraspe\padrao_resposta__39280296.pdf,CACD_2026,cebraspe,4,14197,3549.2,4,4,0,1,,2026-10-06T14:18:20.390255+00:00
data\raw\CACD_2026\cebraspe\padrao_resposta__3a092777.pdf,CACD_2026,cebraspe,5,19536,3907.2,4,4,0,1,,2026-10-06T14:18:20.520039+00:00
data\raw\CACD_2026\cebraspe\padrao_resposta__5ea5a2b8.pdf,CACD_2026,cebraspe,8,28123,3515.4,4,4,0,1,,2026-10-06T14:18:20.695709+00:00
data\raw\CACD_2026\cebraspe\padrao_resposta__75c69d1f.pdf,CACD_2026,cebraspe,4,9840,2460.0,0,0,0,1,,2026-10-06T14:18:20.855234+00:00
data\raw\CACD_2026\cebraspe\padrao_resposta__d3967d54.pdf,CACD_2026,cebraspe,2,3028,1514.0,0,0,0,1,,2026-10-06T14:18:20.974693+00:00
data\raw\CACD_2026\cebraspe\padrao_resposta__d6e35254.pdf,CACD_2026,cebraspe,2,9020,4510.0,0,0,0,1,,2026-10-06T14:18:21.038185+00:00
data\raw\CACD_2026\cebraspe\padrao_resposta__e4db3a3b.pdf,CACD_2026,cebraspe,4,12037,3009.2,4,4,0,1,,2026-10-06T14:18:21.124300+00:00
data\raw\CACD_2026\cebraspe\prova_discursiva__17c8da89.pdf,CACD_2026,cebraspe,12,9588,799.0,4,4,0,1,,2026-10-06T14:18:21.292767+00:00
data\raw\CACD_2026\cebraspe\prova_discursiva__1bf535ea.pdf,CACD_2026,cebraspe,7,14513,2073.3,0,0,0,1,,2026-10-06T14:18:21.389639+00:00
data\raw\CACD_2026\cebraspe\prova_discursiva__501adbae.pdf,CACD_2026,cebraspe,8,7395,924.4,0,0,0,1,,2026-10-06T14:18:21.533124+00:00
data\raw\CACD_2026\cebraspe\prova_discursiva__7341f0b7.pdf,CACD_2026,cebraspe,11,7787,707.9,4,4,0,1,,2026-10-06T14:18:21.647506+00:00
data\raw\CACD_2026\cebraspe\prova_discursiva__8291a695.pdf,CACD_2026,cebraspe,12,10178,848.2,4,4,0,1,,2026-10-06T14:18:21.714409+00:00
data\raw\CACD_2026\cebraspe\prova_discursiva__8e855300.pdf,CACD_2026,cebraspe,12,9061,755.1,4,4,0,1,,2026-10-06T14:18:21.774557+00:00
data\raw\CACD_2026\cebraspe\prova_discursiva__b035dd6a.pdf,CACD_2026,cebraspe,12,17630,1469.2,0,0,0,1,,2026-10-06T14:18:21.826805+00:00
data\raw\CACD_2026\cebraspe\prova_discursiva__dcf8ab53.pdf,CACD_2026,cebraspe,12,8729,727.4,4,4,0,1,,2026-10-06T14:18:21.903067+00:00
data\raw\CACD_2026\cebraspe\prova_objetiva__66ea1db4.pdf,CACD_2026,cebraspe,9,51053,5672.6,0,0,0,1,,2026-10-06T14:18:21.969517+00:00
data\raw\CACD_2026\cebraspe\prova_objetiva__c604e903.pdf,CACD_2026,cebraspe,9,51291,5699.0,0,0,0,1,,2026-10-06T14:18:22.188533+00:00
data\raw\CACD_2026\cursocacd\discursiva_direito__c1ed9512.pdf,CACD_2026,cursocacd,11,7787,707.9,4,4,0,1,,2026-10-06T14:18:22.464577+00:00
data\raw\CACD_2026\cursocacd\discursiva_economia__7b3de9c0.pdf,CACD_2026,cursocacd,12,8729,727.4,4,4,0,1,,2026-10-06T14:18:22.520465+00:00
data\raw\CACD_2026\cursocacd\discursiva_espanhol_frances__e76d7d36.pdf,CACD_2026,cursocacd,12,17630,1469.2,0,0,0,1,,2026-10-06T14:18:22.575121+00:00
data\raw\CACD_2026\cursocacd\discursiva_geografia__c8abda8e.pdf,CACD_2026,cursocacd,12,10178,848.2,4,4,0,1,,2026-10-06T14:18:22.645200+00:00
data\raw\CACD_2026\cursocacd\discursiva_historia__1e59e288.pdf,CACD_2026,cursocacd,12,9061,755.1,4,4,0,1,,2026-10-06T14:18:22.720462+00:00
data\raw\CACD_2026\cursocacd\discursiva_ingles__a6b9020f.pdf,CACD_2026,cursocacd,8,7395,924.4,0,0,0,1,,2026-10-06T14:18:22.787366+00:00
data\raw\CACD_2026\cursocacd\discursiva_pol_internacional__16a73e63.pdf,CACD_2026,cursocacd,12,9588,799.0,4,4,0,1,,2026-10-06T14:18:22.852123+00:00
data\raw\CACD_2026\cursocacd\discursiva_portugues__16c78d13.pdf,CACD_2026,cursocacd,7,14513,2073.3,0,0,0,1,,2026-10-06T14:18:22.913369+00:00
data\raw\CACD_2026\cursocacd\gabarito__412000e5.pdf,CACD_2026,cursocacd,3,5520,1840.0,0,0,0,1,,2026-10-06T14:18:23.014844+00:00
data\raw\CACD_2026\cursocacd\padrao_resposta__d86a0150.pdf,CACD_2026,cursocacd,30,92336,3077.9,4,4,0,1,,2026-10-06T14:18:23.151855+00:00
data\raw\CACD_2026\cursocacd\prova_objetiva_1__97ad52d5.pdf,CACD_2026,cursocacd,9,51053,5672.6,0,0,0,1,,2026-10-06T14:18:23.728157+00:00
data\raw\CACD_2026\cursocacd\prova_objetiva_2__85f06cc7.pdf,CACD_2026,cursocacd,9,51291,5699.0,0,0,0,1,,2026-10-06T14:18:24.043966+00:00
