contest_id,source_type,doc_type,description,url,status
CACD_2026,secondary_repository,provas,"Pasta SharePoint Nabuco CACD 2026 (pacote completo)",https://nabucocacd-my.sharepoint.com/:f:/g/personal/adm_nabucocacd_onmicrosoft_com/IgAcV8B8hgFoT7TARFbPK9-YAZ94M-q26ON4Yzl9wRnWKww?e=JgiqhZ,LISTED_NOT_OPENED
CACD_2025,secondary_repository,provas,"Pasta SharePoint Nabuco CACD 2025",https://nabucocacd-my.sharepoint.com/:f:/g/personal/adm_nabucocacd_onmicrosoft_com/IgC5Lp6Md70GS6S4gFaMtU3AAT6iLw5BhlydrZRWKL1m-nU?e=GvREn7,LISTED_NOT_OPENED
CACD_2024,secondary_repository,provas,"Pasta SharePoint Nabuco CACD 2024",https://nabucocacd-my.sharepoint.com/:f:/g/personal/adm_nabucocacd_onmicrosoft_com/EmGTZdj0-TVNsKWGtLL7DSQBG2jy4JZFg0RCK3I1hbq39Q?e=vUH0Se,LISTED_NOT_OPENED
CACD_2023,secondary_repository,provas,"Pasta SharePoint Nabuco CACD 2023",https://nabucocacd-my.sharepoint.com/:f:/g/personal/adm_nabucocacd_onmicrosoft_com/EnOgW-dE5QxAu-HSIVisF68BF3vjNbeVKvCBY3z5DbkOYw?e=B63TSP,LISTED_NOT_OPENED
CACD_2022,secondary_repository,provas,"Pasta SharePoint Nabuco CACD 2022",https://nabucocacd-my.sharepoint.com/:f:/g/personal/adm_nabucocacd_onmicrosoft_com/Enx58aAdPJROpM6uXTapELYBMEu1BYUk4WAjgDfN7iA4Lw?e=IaXSVN,LISTED_NOT_OPENED
CACD_2020_2021,secondary_repository,provas,"Pasta SharePoint Nabuco CACD 2020/21",https://nabucocacd-my.sharepoint.com/:f:/g/personal/adm_nabucocacd_onmicrosoft_com/ElTWsuMqTXNKu9-g7WE3D90BzM5r_xRNuR1Lz6qHTAKY8g?e=pnX4u9,LISTED_NOT_OPENED
CACD_2019,secondary_repository,provas,"Pasta SharePoint Nabuco CACD 2019",https://nabucocacd-my.sharepoint.com/:f:/g/personal/adm_nabucocacd_onmicrosoft_com/EuL4_6999TFCufCE66f4fJkBQYfButK4lXDs5KLe3Q6aAw?e=egkdxh,LISTED_NOT_OPENED
CACD_2018,secondary_repository,provas,"Pasta SharePoint Nabuco CACD 2018",https://nabucocacd-my.sharepoint.com/:f:/g/personal/adm_nabucocacd_onmicrosoft_com/EgrXV2MhQxxHkbVpPmCVTEYBItH4cXe7X_lbr1SkyO5f7w?e=kizBqZ,LISTED_NOT_OPENED
CACD_2017,secondary_repository,provas,"Pasta SharePoint Nabuco CACD 2017",https://nabucocacd-my.sharepoint.com/:f:/g/personal/adm_nabucocacd_onmicrosoft_com/EjIpdItRrnNPq0OGVTTApEwBkEyoRhxABmyi0TbqcOEwgw?e=UDLX8z,LISTED_NOT_OPENED
CACD_2016,secondary_repository,provas,"Pasta SharePoint Nabuco CACD 2016",https://nabucocacd-my.sharepoint.com/:f:/g/personal/adm_nabucocacd_onmicrosoft_com/Etwq5nECNgJEp5L6EZ5LcjABLDTts9GP78-hiBtijW9rcQ?e=Eyvc8K,LISTED_NOT_OPENED
CACD_2015,secondary_repository,provas,"Pasta SharePoint Nabuco CACD 2015",https://nabucocacd-my.sharepoint.com/:f:/g/personal/adm_nabucocacd_onmicrosoft_com/EsvaG5njrFZBueflF3oRlfgBSRa60lnacObx_nafeJupjw?e=1T2kry,LISTED_NOT_OPENED
CACD_2014,secondary_repository,provas,"Pasta SharePoint Nabuco CACD 2014",https://nabucocacd-my.sharepoint.com/:f:/g/personal/adm_nabucocacd_onmicrosoft_com/EkTUep6SzrFArWYwAJbRAGcBMOC2B9YMn63ZAnBGrlqGLA?e=XjIsc5,LISTED_NOT_OPENED
CACD_2013,secondary_repository,provas,"Pasta SharePoint Nabuco CACD 2013",https://nabucocacd-my.sharepoint.com/:f:/g/personal/adm_nabucocacd_onmicrosoft_com/Ev5l5uAa7k1PpDrYgIC0AqEBvGzPHWrU525Rqpyp86HMnQ?e=vLZOB5,LISTED_NOT_OPENED
CACD_2012,secondary_repository,provas,"Pasta SharePoint Nabuco CACD 2012",https://nabucocacd-my.sharepoint.com/:f:/g/personal/adm_nabucocacd_onmicrosoft_com/Epr85lrMVvxHnikh2QX1jX8BoGZ7yQWFZZ_PBoDNLk-CqA?e=Ydm5tf,LISTED_NOT_OPENED
CACD_2011,secondary_repository,provas,"Pasta SharePoint Nabuco CACD 2011",https://nabucocacd-my.sharepoint.com/:f:/g/personal/adm_nabucocacd_onmicrosoft_com/Eob5kbjZqS5FgC0cqPi-iHsBgIh7K2u8XCKQW6H9gA1cuQ?e=WSDQi8,LISTED_NOT_OPENED
CACD_2010,secondary_repository,provas,"Pasta SharePoint Nabuco CACD 2010",https://nabucocacd-my.sharepoint.com/:f:/g/personal/adm_nabucocacd_onmicrosoft_com/EqZ7KUrcfc9Fh5N8aVeOn34Ba5SE2yNij9UTY8ykE5Pulw?e=jV9Pc0,LISTED_NOT_OPENED
CACD_2009,secondary_repository,provas,"Pasta SharePoint Nabuco CACD 2009",https://nabucocacd-my.sharepoint.com/:f:/g/personal/adm_nabucocacd_onmicrosoft_com/EnEnmGgPRmtIkdsyRlfG-b8BpgUJ1AUfdufz9Kqb92jafA?e=UJJ2bC,LISTED_NOT_OPENED
CACD_2008,secondary_repository,provas,"Pasta SharePoint Nabuco CACD 2008",https://nabucocacd-my.sharepoint.com/:f:/g/personal/adm_nabucocacd_onmicrosoft_com/ElJeonYpMGRMrX0vhDZV5icBGpSmHGoALsGhvcb0D3Kxgg?e=S5oUyV,LISTED_NOT_OPENED
CACD_2007,secondary_repository,provas,"Pasta SharePoint Nabuco CACD 2007 (única fonte localizada para esta edição)",https://nabucocacd-my.sharepoint.com/:f:/g/personal/adm_nabucocacd_onmicrosoft_com/EqaT_1OXO8dBoufsusyTfaUBvBJp5RQp_V_4p2S2K7suTQ?e=xXskV8,LISTED_NOT_OPENED
CACD_2006,secondary_repository,provas,"Pasta SharePoint Nabuco CACD 2006",https://nabucocacd-my.sharepoint.com/:f:/g/personal/adm_nabucocacd_onmicrosoft_com/Evi3rB8Bb59DqvIeJGHJ35sBbdjkrLwAHbML6C1hTzJJ8w?e=B73UV9,LISTED_NOT_OPENED
CACD_2005,secondary_repository,provas,"Pasta SharePoint Nabuco CACD 2005",https://nabucocacd-my.sharepoint.com/:f:/g/personal/adm_nabucocacd_onmicrosoft_com/EqQ50yOu8CNDrKmPvnQ9yd4BvdutIi0-TtQWppx3WBBrKA?e=PvdTvt,LISTED_NOT_OPENED
CACD_2004,secondary_repository,provas,"Pasta SharePoint Nabuco CACD 2004",https://nabucocacd-my.sharepoint.com/:f:/g/personal/adm_nabucocacd_onmicrosoft_com/Em1NoJQHD8VKveQ2IPZ3etcBFtQzs7EQwx2O44IfFVurbw?e=WlXcxN,LISTED_NOT_OPENED
CACD_2003,secondary_repository,provas,"Pasta SharePoint Nabuco CACD 2003",https://nabucocacd-my.sharepoint.com/:f:/g/personal/adm_nabucocacd_onmicrosoft_com/EsJEdE-IkOhChab9JE-KyncBzef7MJUBYIWviHcf-F7pxg?e=riwmdL,LISTED_NOT_OPENED
ALL,secondary_repository,provas,"Drive com todas as provas 2003-2026 (post do blog Nabuco)",https://nabucocacd.com.br/provas-antigas/,PAGE_VERIFIED,2026-10-06
