contest_id,source_type,source_name,doc_type,description,url,status,verified_date
CACD_2003,secondary_repository,archive.org_item,provas_pacote,"ZIP Diplomata_CESPE_2003 (4 arquivos) - item Provas Diplomata CESPE 2003 a 2016",https://archive.org/download/DiplomataCESPE2014/Diplomata_CESPE_2003.zip,VERIFIED_ITEM_METADATA,2026-10-06
CACD_2004,secondary_repository,archive.org_item,provas_pacote,"ZIP Diplomata_CESPE_2004",https://archive.org/download/DiplomataCESPE2014/Diplomata_CESPE_2004.zip,VERIFIED_ITEM_METADATA,2026-10-06
CACD_2005,secondary_repository,archive.org_item,provas_pacote,"ZIP Diplomata_CESPE_2005",https://archive.org/download/DiplomataCESPE2014/Diplomata_CESPE_2005.zip,VERIFIED_ITEM_METADATA,2026-10-06
CACD_2006,secondary_repository,archive.org_item,provas_pacote,"ZIP Diplomata_CESPE_2006",https://archive.org/download/DiplomataCESPE2014/Diplomata_CESPE_2006.zip,VERIFIED_ITEM_METADATA,2026-10-06
CACD_2007,secondary_repository,archive.org_item,provas_pacote,"ZIP Diplomata_CESPE_2007 (única fonte com edital+provas da edição 2007 além de cursinhos)",https://archive.org/download/DiplomataCESPE2014/Diplomata_CESPE_2007.zip,VERIFIED_ITEM_METADATA,2026-10-06
CACD_2008,secondary_repository,archive.org_item,provas_pacote,"ZIP Diplomata_CESPE_2008 (11 arquivos)",https://archive.org/download/DiplomataCESPE2014/Diplomata_CESPE_2008.zip,VERIFIED_ITEM_METADATA,2026-10-06
CACD_2009,secondary_repository,archive.org_item,provas_pacote,"ZIP Diplomata_CESPE_2009",https://archive.org/download/DiplomataCESPE2014/Diplomata_CESPE_2009.zip,VERIFIED_ITEM_METADATA,2026-10-06
CACD_2010,secondary_repository,archive.org_item,provas_pacote,"ZIP Diplomata_CESPE_2010 (1ª fase = prova da Bolsa-prêmio neste biênio)",https://archive.org/download/DiplomataCESPE2014/Diplomata_CESPE_2010.zip,VERIFIED_ITEM_METADATA,2026-10-06
CACD_2011,secondary_repository,archive.org_item,provas_pacote,"ZIP Diplomata_CESPE_2011 (Bolsa-prêmio)",https://archive.org/download/DiplomataCESPE2014/Diplomata_CESPE_2011.zip,VERIFIED_ITEM_METADATA,2026-10-06
CACD_2012,secondary_repository,archive.org_item,provas_pacote,"ZIP Diplomata_CESPE_2012",https://archive.org/download/DiplomataCESPE2014/Diplomata_CESPE_2012.zip,VERIFIED_ITEM_METADATA,2026-10-06
CACD_2005,secondary_repository,qconcursos,prova_objetiva_gabarito,"Prova (147q) + gabarito em PDF direto",https://arquivos.qconcursos.com/prova/arquivo_prova/285/cespe-2005-instituto-rio-branco-diplomata-prova.pdf,VERIFIED_PDF,2026-10-06
CACD_2005,secondary_repository,qconcursos,gabarito,"Gabarito 2005",https://arquivos.qconcursos.com/prova/arquivo_gabarito/285/cespe-2005-instituto-rio-branco-diplomata-gabarito.pdf,VERIFIED_PDF,2026-10-06
CACD_2010,secondary_repository,qconcursos,prova_objetiva_gabarito,"Objetiva Bolsa-prêmio (100q) + gabarito",https://arquivos.qconcursos.com/prova/arquivo_prova/23694/cespe-2010-instituto-rio-branco-diplomata-bolsa-premio-de-vocacao-para-a-diplomacia-objetiva-prova.pdf,VERIFIED_PDF,2026-10-06
CACD_2011,secondary_repository,qconcursos,prova_objetiva_gabarito,"Objetiva Bolsa-prêmio (65q) + gabarito",https://arquivos.qconcursos.com/prova/arquivo_prova/27951/cespe-cebraspe-2011-instituto-rio-branco-diplomata-bolsa-premio-de-vocacao-para-a-diplomacia-objetiva-prova.pdf,VERIFIED_PDF,2026-10-06
CACD_2012,secondary_repository,qconcursos,prova_objetiva_gabarito,"1ª Etapa (70q) + gabarito",https://arquivos.qconcursos.com/prova/arquivo_prova/27281/cespe-2012-instituto-rio-branco-diplomata-1-etapa-prova.pdf,VERIFIED_PDF,2026-10-06
ALL,secondary_repository,qconcursos,pagina_indice,"Listagem de provas do IRBr 2003-2026 (banca CESPE e IADES); questões online com gabarito",https://www.qconcursos.com/questoes-de-concursos/provas?by_institute[]=58,PAGE_VERIFIED,2026-10-06
ALL,secondary_repository,pci_concursos,pagina_indice,"Tabela Diplomata: PDFs por edição 2003-2016 2018 2019 2023-2026 (sem 2017 e 2020/21 e 2022)",https://www.pciconcursos.com.br/provas/diplomata/,PAGE_VERIFIED,2026-10-06
CACD_2023,secondary_repository,pci_concursos,prova_objetiva_gabarito,"diplomata.pdf + gabarito-preliminar.pdf (IADES 2023) - download com captcha",https://www.pciconcursos.com.br/provas/download/diplomata-instituto-rio-branco-iades-2023,PAGE_VERIFIED,2026-10-06
CACD_2019,secondary_repository,gabarite,prova_objetiva_gabarito,"Diplomata Prova 1 IADES 2019 - botões baixar prova e baixar gabarito",https://gabarite.com.br/provas-de-concursos/1682-diplomata-prova-1-instituto-rio-branco-iades-2019,PAGE_VERIFIED,2026-10-06
CACD_2019,secondary_repository,gabarite,prova_objetiva_gabarito,"Diplomata Prova 2 IADES 2019",https://gabarite.com.br/provas-de-concursos/6645-diplomata-prova-2-instituto-rio-branco-iades-2019,PAGE_VERIFIED,2026-10-06
CACD_2020_2021,secondary_repository,gabarite,prova_objetiva_gabarito,"Diplomata Manhã IADES 2021 (136q certo/errado)",https://gabarite.com.br/provas-de-concursos/1059-diplomata-manha-instituto-rio-branco-iades-2021,PAGE_VERIFIED,2026-10-06
CACD_2020_2021,secondary_repository,gabarite,prova_objetiva_gabarito,"Diplomata Tarde IADES 2021 (156q)",https://gabarite.com.br/provas-de-concursos/5145-diplomata-tarde-instituto-rio-branco-iades-2021,PAGE_VERIFIED,2026-10-06
CACD_2022,secondary_repository,gabarite,prova_objetiva_gabarito,"Diplomata Manhã IADES 2022",https://gabarite.com.br/provas-de-concursos/72-diplomata-manha-instituto-rio-branco-iades-2022,PAGE_VERIFIED,2026-10-06
CACD_2022,secondary_repository,gabarite,prova_objetiva_gabarito,"Diplomata Tarde IADES 2022",https://gabarite.com.br/provas-de-concursos/1045-diplomata-tarde-instituto-rio-branco-iades-2022,PAGE_VERIFIED,2026-10-06
CACD_2022,secondary_repository,qconcursos,prova_objetiva,"Prova objetiva 2022 TARDE em PDF direto (39q x 4 itens certo/errado)",https://arquivos.qconcursos.com/prova/arquivo_prova/88040/iades-2022-instituto-rio-branco-diplomata-tarde-prova.pdf,VERIFIED_PDF,2026-10-06
CACD_2019,secondary_repository,clipping,prova_objetiva,"Caderno TPS 2019 TARDE (blob storage; manhã não localizada no blob)",https://clipping.blob.core.windows.net/uploads/TPS%202019%20CACD%20TARDE.pdf,VERIFIED_PDF,2026-10-06
CACD_2020_2021,secondary_repository,qconcursos,pagina_prova,"IADES 2021 Diplomata Manhã/Tarde - questões e gabarito (PDF exige ID do arquivo)",https://www.qconcursos.com/questoes-de-concursos/provas/iades-2021-instituto-rio-branco-diplomata-manha,PAGE_VERIFIED,2026-10-06
CACD_2023,secondary_repository,qconcursos,pagina_prova,"IADES 2023 Terceiro-Secretário Manhã/Tarde - questões e gabarito",https://www.qconcursos.com/questoes-de-concursos/provas/iades-2023-instituto-rio-branco-terceiro-secretario-da-carreira-diplomata-manha,PAGE_VERIFIED,2026-10-06
