contest_id,source_type,doc_type,phase,discipline,description,url,status,verified_date
CACD_2026,official_mre,edital_index,,,"Página do MRE não lista CACD 2026 no índice editais-cacd-1 (edição no DOU + Cebraspe)",https://www.gov.br/mre/pt-br/instituto-rio-branco/carreira-diplomatica/editais-cacd-1,PAGE_VERIFIED_NO_2026_ENTRY,2026-10-06
CACD_2026,official_cebraspe,edital,1,,Edital nº 1 - Abertura (28/01/2026),https://cdn.cebraspe.org.br/concursos/IRBR_26_DIPLOMACIA/arquivos/0F832BA5F314E5ECB89C951F0212CD330DE6CC71ED33D3434909FE4A48653D3F.pdf,VERIFIED_PDF,2026-10-06
CACD_2026,official_cebraspe,edital,1,,Edital nº 1 atualizado conforme retificações,https://cdn.cebraspe.org.br/concursos/IRBR_26_DIPLOMACIA/arquivos/7FA89C5320E2811FDD1A8276DD6526120704864996EA8C6DED7A6DDB5D0987D7.pdf,VERIFIED_PDF,2026-10-06
CACD_2026,official_cebraspe,edital_retificacao,1,,Edital nº 2 - Alterações ao Edital nº 1,https://cdn.cebraspe.org.br/concursos/IRBR_26_DIPLOMACIA/arquivos/E446A80B75446EF806F1811398ACD7DD63343ADEEA56207EC7E253BA3C4A8F04.pdf,VERIFIED_PDF,2026-10-06
CACD_2026,official_cebraspe,prova_objetiva,1,,Prova objetiva 1ª fase - período da manhã,https://cdn.cebraspe.org.br/concursos/IRBR_26_DIPLOMACIA/arquivos/9AFA463453FEF0A89EBB56387CCC39386F5B09A3A84D342A4112BB6B1339E891.pdf,VERIFIED_PDF,2026-10-06
CACD_2026,official_cebraspe,prova_objetiva,1,,Prova objetiva 1ª fase - período da tarde,https://cdn.cebraspe.org.br/concursos/IRBR_26_DIPLOMACIA/arquivos/A74A4FFC747ECD4287A7D9745DEE6B9364AFA6CF3470FDA6C33FBC2DC689B590.pdf,VERIFIED_PDF,2026-10-06
CACD_2026,official_cebraspe,gabarito_preliminar,1,,Não listado na página atual do Cebraspe (só definitivo + justificativas),,NOT_FOUND,2026-10-06
CACD_2026,official_cebraspe,gabarito_definitivo,1,,Gabarito definitivo - manhã,https://cdn.cebraspe.org.br/concursos/IRBR_26_DIPLOMACIA/arquivos/74D4CBB66C3F291DEAA5FFB5AA4E81D32BCFEA62033535D0EFC65A35934D2DF1.pdf,VERIFIED_PDF,2026-10-06
CACD_2026,official_cebraspe,gabarito_definitivo,1,,Gabarito definitivo - tarde,https://cdn.cebraspe.org.br/concursos/IRBR_26_DIPLOMACIA/arquivos/0865083195C49C458540DFEAFE373699FC734D655AABCE22F960E69DFFE2D007.pdf,VERIFIED_PDF,2026-10-06
CACD_2026,official_cebraspe,gabarito_justificativa,1,,Justificativas de alterações de gabarito,https://cdn.cebraspe.org.br/concursos/IRBR_26_DIPLOMACIA/arquivos/602573A170A5781AFCAB02C2E4BACE78CAAAD380B2F5E09333BBD6F2E9A3E086.pdf,VERIFIED_PDF,2026-10-06
CACD_2026,official_cebraspe,prova_discursiva,2,Língua Portuguesa,Prova escrita 2ª fase (27/04/2026),https://cdn.cebraspe.org.br/concursos/IRBR_26_DIPLOMACIA/arquivos/7B29452A6182A3A0F05707ECEF3A2188929D1DEBE035185A81F8BCFAE2C7CB94.pdf,VERIFIED_PDF,2026-10-06
CACD_2026,official_cebraspe,prova_discursiva,2,História do Brasil,Prova escrita 2ª fase (27/04/2026),https://cdn.cebraspe.org.br/concursos/IRBR_26_DIPLOMACIA/arquivos/514DAE738BED37EC22674BDFB1A7B291185CC6F3212DC443C47B0D4122BFED82.pdf,VERIFIED_PDF,2026-10-06
CACD_2026,official_cebraspe,prova_discursiva,2,Língua Inglesa,Prova escrita 2ª fase (27/04/2026),https://cdn.cebraspe.org.br/concursos/IRBR_26_DIPLOMACIA/arquivos/69461D1874C8F948D8C493E9468483902865306839853CECDC3160A81106D6FB.pdf,VERIFIED_PDF,2026-10-06
CACD_2026,official_cebraspe,prova_discursiva,2,Geografia,Prova escrita 2ª fase (27/04/2026),https://cdn.cebraspe.org.br/concursos/IRBR_26_DIPLOMACIA/arquivos/FAC0C9A09D470006C5E90E3CADEB52BDD27FE0CDCBF18D95DC3E069B0F68031D.pdf,VERIFIED_PDF,2026-10-06
CACD_2026,official_cebraspe,prova_discursiva,2,Política Internacional,Prova escrita 2ª fase (04/05/2026),https://cdn.cebraspe.org.br/concursos/IRBR_26_DIPLOMACIA/arquivos/96F4905097F1658D64C7A128396B58DFD4F3490126BD384A2F8F1F9B2CF2C8E1.pdf,VERIFIED_PDF,2026-10-06
CACD_2026,official_cebraspe,prova_discursiva,2,Economia,Prova escrita 2ª fase (04/05/2026),https://cdn.cebraspe.org.br/concursos/IRBR_26_DIPLOMACIA/arquivos/C855F7461AFB7526AA26292F0F528F14E6E07EF556669695E56C1B5B26E823B8.pdf,VERIFIED_PDF,2026-10-06
CACD_2026,official_cebraspe,prova_discursiva,2,Direito,Prova escrita 2ª fase (04/05/2026),https://cdn.cebraspe.org.br/concursos/IRBR_26_DIPLOMACIA/arquivos/4F8DEBB590E9DCFB1D093C44229B3206892B47CB35B557B040C7E6F931283D7B.pdf,VERIFIED_PDF,2026-10-06
CACD_2026,official_cebraspe,prova_discursiva,2,Espanhol e Francês,Prova escrita 2ª fase (04/05/2026),https://cdn.cebraspe.org.br/concursos/IRBR_26_DIPLOMACIA/arquivos/AA3BA533B5780A0A0EC4013044DCC5F5BDF4448069F9C697987E55338321D5D0.pdf,VERIFIED_PDF,2026-10-06
CACD_2026,official_cebraspe,padrao_resposta,2,Língua Portuguesa,Padrão definitivo de respostas - 2ª fase,https://cdn.cebraspe.org.br/concursos/IRBR_26_DIPLOMACIA/arquivos/1639406A1C019CC38185A6ECCC8B8F939F5089D7E377949AFF9E1F396FD50F19.pdf,VERIFIED_PDF,2026-10-06
CACD_2026,official_cebraspe,padrao_resposta,2,História do Brasil,Padrão definitivo de respostas - 2ª fase,https://cdn.cebraspe.org.br/concursos/IRBR_26_DIPLOMACIA/arquivos/DFA7700D18691B6651B443EC3E093BCE7C3ACA638D213D1122DA66DC8E730699.pdf,VERIFIED_PDF,2026-10-06
CACD_2026,official_cebraspe,padrao_resposta,2,Língua Inglesa,Padrão definitivo de respostas - 2ª fase,https://cdn.cebraspe.org.br/concursos/IRBR_26_DIPLOMACIA/arquivos/00F8B6045089BC26E3AD248099D9B14526E1809BD0B984499336C15B160F8104.pdf,VERIFIED_PDF,2026-10-06
CACD_2026,official_cebraspe,padrao_resposta,2,Geografia,Padrão definitivo de respostas - 2ª fase,https://cdn.cebraspe.org.br/concursos/IRBR_26_DIPLOMACIA/arquivos/B10B39AD2404AD47D04B1C3F61B753A18D0FF0CB7380C177371CE6CD3280BEC6.pdf,VERIFIED_PDF,2026-10-06
CACD_2026,official_cebraspe,padrao_resposta,2,Política Internacional,Padrão definitivo de respostas - 2ª fase,https://cdn.cebraspe.org.br/concursos/IRBR_26_DIPLOMACIA/arquivos/9A625160F1FF13816B4F058FF45F5CBBCC2DEAF8A5313178B6A30ADB4C0AC743.pdf,VERIFIED_PDF,2026-10-06
CACD_2026,official_cebraspe,padrao_resposta,2,Economia,Padrão definitivo de respostas - 2ª fase,https://cdn.cebraspe.org.br/concursos/IRBR_26_DIPLOMACIA/arquivos/6D5BD3DAEB2B47C654262A5CBA55D5AE69E0F254CF04D8E8CE8439D42F4BB79C.pdf,VERIFIED_PDF,2026-10-06
CACD_2026,official_cebraspe,padrao_resposta,2,Direito,Padrão definitivo de respostas - 2ª fase,https://cdn.cebraspe.org.br/concursos/IRBR_26_DIPLOMACIA/arquivos/70E2D07D431B63E9E52B79E1BD2B41B72396F2AF74AC2189C424BC34DDE7E50D.pdf,VERIFIED_PDF,2026-10-06
CACD_2026,official_cebraspe,padrao_resposta,2,Espanhol e Francês,Padrão definitivo de respostas - 2ª fase,https://cdn.cebraspe.org.br/concursos/IRBR_26_DIPLOMACIA/arquivos/23689C80E3B937DF6F7BB53D5D781200A8708FEA037A71B6E3D37E7A84875CB8.pdf,VERIFIED_PDF,2026-10-06
CACD_2026,official_cebraspe,resultado,,,Editais nº 4/5/7/8/9/10 de resultados (1ª fase 2ª fase finais),https://www.cebraspe.org.br/concursos/irbr_26_diplomacia,LISTED_ON_PAGE,2026-10-06
CACD_2025,official_mre,edital_index,,,"Página oficial do edital no gov.br",https://www.gov.br/mre/pt-br/instituto-rio-branco/carreira-diplomatica/editais-cacd-1/cacd-2025-1,PAGE_VERIFIED,2026-10-06
CACD_2025,official_cebraspe,edital,1,,Edital nº 1 - Abertura,https://cdn.cebraspe.org.br/concursos/IRBR_25_DIPLOMACIA/arquivos/Ed_1_IRBr_CACD_25_abertura.pdf,VERIFIED_PDF,2026-10-06
CACD_2025,official_cebraspe,edital,1,,Edital nº 1 atualizado conforme retificações,https://cdn.cebraspe.org.br/concursos/IRBR_25_DIPLOMACIA/arquivos/680F9B8F4438B90D71C521E7F49D441262878FE2B13B6A74966D5E9CE4EF631E.pdf,VERIFIED_PDF,2026-10-06
CACD_2025,official_cebraspe,prova_objetiva,1,,Prova objetiva 1ª fase - manhã,https://cdn.cebraspe.org.br/concursos/IRBR_25_DIPLOMACIA/arquivos/101_IRBRCACDOBJ_001_01.pdf,VERIFIED_PDF,2026-10-06
CACD_2025,official_cebraspe,prova_objetiva,1,,Prova objetiva 1ª fase - tarde,https://cdn.cebraspe.org.br/concursos/IRBR_25_DIPLOMACIA/arquivos/101_IRBRCACDOBJ_002_01.pdf,VERIFIED_PDF,2026-10-06
CACD_2025,official_cebraspe,gabarito_preliminar,1,,Não listado na página atual,,NOT_FOUND,2026-10-06
CACD_2025,official_cebraspe,gabarito_definitivo,1,,Gabarito definitivo - manhã,https://cdn.cebraspe.org.br/concursos/IRBR_25_DIPLOMACIA/arquivos/1AEF42AC2E961318A1CEAAD513B7DB31C88A7BF70FEADEF6D8F1B24108C86A14.pdf,VERIFIED_PDF,2026-10-06
CACD_2025,official_cebraspe,gabarito_definitivo,1,,Gabarito definitivo - tarde,https://cdn.cebraspe.org.br/concursos/IRBR_25_DIPLOMACIA/arquivos/5489DFECC0CC7A0CCC189179D1A4A92FEB9E8D13614B5EA2D84B7AC310068544.pdf,VERIFIED_PDF,2026-10-06
CACD_2025,official_cebraspe,gabarito_justificativa,1,,Justificativas de alterações de gabarito,https://cdn.cebraspe.org.br/concursos/IRBR_25_DIPLOMACIA/arquivos/7212768A3842608C386FC6FB836619CBA592319110697EAD1486CDF3702A74AE.pdf,VERIFIED_PDF,2026-10-06
CACD_2025,official_cebraspe,prova_discursiva,2,Língua Portuguesa,Prova escrita 2ª fase (26/08/2025),https://cdn.cebraspe.org.br/concursos/IRBR_25_DIPLOMACIA/arquivos/319A9A1BDB4307409FFB4E65CF11F2D32C304AA667BE9B6C636136C3110758A4.pdf,VERIFIED_PDF,2026-10-06
CACD_2025,official_cebraspe,prova_discursiva,2,História do Brasil,Prova escrita 2ª fase,https://cdn.cebraspe.org.br/concursos/IRBR_25_DIPLOMACIA/arquivos/FCC587A22445E95C88FBB1A9294A0F6F7E5469606A71AF4307C07454713D4947.pdf,VERIFIED_PDF,2026-10-06
CACD_2025,official_cebraspe,prova_discursiva,2,Língua Inglesa,Prova escrita 2ª fase,https://cdn.cebraspe.org.br/concursos/IRBR_25_DIPLOMACIA/arquivos/8A1E72AA3354655C350A9D8FEC9FAA562462AD969966B81507CDC7A3BDA3B786.pdf,VERIFIED_PDF,2026-10-06
CACD_2025,official_cebraspe,prova_discursiva,2,Geografia,Prova escrita 2ª fase,https://cdn.cebraspe.org.br/concursos/IRBR_25_DIPLOMACIA/arquivos/F7CB9E5636ACAA0CAC5D3DB3EAB4AC39A98CE459C0F3DBB8907A3E88D658C0C8.pdf,VERIFIED_PDF,2026-10-06
CACD_2025,official_cebraspe,prova_discursiva,2,Política Internacional,Prova escrita 2ª fase (02/09/2025),https://cdn.cebraspe.org.br/concursos/IRBR_25_DIPLOMACIA/arquivos/242A6BFE3B3C58B7F65E7A3A72AEC4719517872AA5AA7EB3F895F8D8CA27ECB0.pdf,VERIFIED_PDF,2026-10-06
CACD_2025,official_cebraspe,prova_discursiva,2,Economia,Prova escrita 2ª fase,https://cdn.cebraspe.org.br/concursos/IRBR_25_DIPLOMACIA/arquivos/6177C8D07037EF600652D50E071512236FEDD1E71BC4DD746001BCB61DB5EE14.pdf,VERIFIED_PDF,2026-10-06
CACD_2025,official_cebraspe,prova_discursiva,2,Direito,Prova escrita 2ª fase,https://cdn.cebraspe.org.br/concursos/IRBR_25_DIPLOMACIA/arquivos/958AD9FE33DEA065CEC6CF3474796B1B1CFD6F74CE4512D0406A8526179F5DAA.pdf,VERIFIED_PDF,2026-10-06
CACD_2025,official_cebraspe,prova_discursiva,2,Espanhol e Francês,Prova escrita 2ª fase,https://cdn.cebraspe.org.br/concursos/IRBR_25_DIPLOMACIA/arquivos/41577D7F9516E3A3C2C8E356F6FAC45FE3A984A363AFE69506EC0387366F371C.pdf,VERIFIED_PDF,2026-10-06
CACD_2025,official_cebraspe,padrao_resposta,2,Língua Portuguesa,Padrão definitivo (23/09/2025),https://cdn.cebraspe.org.br/concursos/IRBR_25_DIPLOMACIA/arquivos/6E3F3E4C211883D1F80772ADE327DA65596BA36E35477A20FBB591865005E332.pdf,VERIFIED_PDF,2026-10-06
CACD_2025,official_cebraspe,padrao_resposta,2,História do Brasil,Padrão definitivo,https://cdn.cebraspe.org.br/concursos/IRBR_25_DIPLOMACIA/arquivos/C9BBC45FE5E0DF576696153E78FF609802E8DF9B4E09A7348D5AB0FEE8DC2110.pdf,VERIFIED_PDF,2026-10-06
CACD_2025,official_cebraspe,padrao_resposta,2,Língua Inglesa,Padrão definitivo,https://cdn.cebraspe.org.br/concursos/IRBR_25_DIPLOMACIA/arquivos/50608EBC10578B8A54A7535CA5A3A57DA84A5258308910793C5E7D9BDD9CEC4E.pdf,VERIFIED_PDF,2026-10-06
CACD_2025,official_cebraspe,padrao_resposta,2,Geografia,Padrão definitivo,https://cdn.cebraspe.org.br/concursos/IRBR_25_DIPLOMACIA/arquivos/0C3898E18A2B5B4CD47B1AAC9A08FD78DDFD3027D9C1539BD6A181897E24A600.pdf,VERIFIED_PDF,2026-10-06
CACD_2025,official_cebraspe,padrao_resposta,2,Política Internacional,Padrão definitivo,https://cdn.cebraspe.org.br/concursos/IRBR_25_DIPLOMACIA/arquivos/135650EF838B838DC649E6B917A6015B90F9CC38DF2EDAEEFE5CDD657AB8D666.pdf,VERIFIED_PDF,2026-10-06
CACD_2025,official_cebraspe,padrao_resposta,2,Economia,Padrão definitivo,https://cdn.cebraspe.org.br/concursos/IRBR_25_DIPLOMACIA/arquivos/7FCCCF34DAD7168E0F1F45EE75D7BCF6FE51B14A0187B3DCBFB685BDB06E54C9.pdf,VERIFIED_PDF,2026-10-06
CACD_2025,official_cebraspe,padrao_resposta,2,Direito,Padrão definitivo,https://cdn.cebraspe.org.br/concursos/IRBR_25_DIPLOMACIA/arquivos/ADFFD68AE706D0FA173B085E0F008CA39A96486A06305A4BD801A77980C5D84C.pdf,VERIFIED_PDF,2026-10-06
CACD_2025,official_cebraspe,padrao_resposta,2,Espanhol e Francês,Padrão definitivo,https://cdn.cebraspe.org.br/concursos/IRBR_25_DIPLOMACIA/arquivos/3F69D672B13AB312FEEFECF71C5F4B8CE0E3EA52CD27AD07A1ADA0815BEEA66E.pdf,VERIFIED_PDF,2026-10-06
CACD_2025,official_cebraspe,resultado,,,Editais nº 8-12 de resultados e homologação,https://www.cebraspe.org.br/concursos/irbr_25_diplomacia,LISTED_ON_PAGE,2026-10-06
CACD_2024,official_cebraspe,edital,1,,Edital nº 1 - Abertura,https://cdn.cebraspe.org.br/concursos/IRBR_24_DIPLOMACIA/arquivos/ED_1_IRBR_CACD_24_ABERTURA.PDF,VERIFIED_PDF,2026-10-06
CACD_2024,official_cebraspe,edital,1,,Edital nº 1 atualizado + Edital nº 2 retificação,https://cdn.cebraspe.org.br/concursos/IRBR_24_DIPLOMACIA/arquivos/ED_1_IRBR_CACD_24_ABERTURA_ATUALIZADO_RET_2.PDF,VERIFIED_PDF,2026-10-06
CACD_2024,official_cebraspe,prova_objetiva,1,,Prova objetiva 1ª fase - manhã,https://cdn.cebraspe.org.br/concursos/IRBR_24_DIPLOMACIA/arquivos/001_IRBRCACD_001_01.PDF,VERIFIED_PDF,2026-10-06
CACD_2024,official_cebraspe,prova_objetiva,1,,Prova objetiva 1ª fase - tarde,https://cdn.cebraspe.org.br/concursos/IRBR_24_DIPLOMACIA/arquivos/001_IRBRCACD_002_01.PDF,VERIFIED_PDF,2026-10-06
CACD_2024,official_cebraspe,gabarito_preliminar,1,,Não listado na página atual,,NOT_FOUND,2026-10-06
CACD_2024,official_cebraspe,gabarito_definitivo,1,,Gabarito definitivo - manhã,https://cdn.cebraspe.org.br/concursos/IRBR_24_DIPLOMACIA/arquivos/GAB_DEFINITIVO_001_IRBRCACD_001_01.PDF,VERIFIED_PDF,2026-10-06
CACD_2024,official_cebraspe,gabarito_definitivo,1,,Gabarito definitivo - tarde,https://cdn.cebraspe.org.br/concursos/IRBR_24_DIPLOMACIA/arquivos/GAB_DEFINITIVO_001_IRBRCACD_002_01.PDF,VERIFIED_PDF,2026-10-06
CACD_2024,official_cebraspe,gabarito_justificativa,1,,Justificativas de alteração de gabarito,https://cdn.cebraspe.org.br/concursos/IRBR_24_DIPLOMACIA/arquivos/IRBR_24_DIPLOMACIA_JUSTIFIVATIVAS_DE_ALTERAO_DE_GABARITO.PDF,VERIFIED_PDF,2026-10-06
CACD_2024,official_cebraspe,prova_discursiva,2,Língua Portuguesa,Prova escrita 2ª fase (15/10/2024),https://cdn.cebraspe.org.br/concursos/IRBR_24_DIPLOMACIA/arquivos/IRBR_24_SEGUNDA_FASE_PROVA_ESCRITA_DE_LNGUA_PORTUGUESA.PDF,VERIFIED_PDF,2026-10-06
CACD_2024,official_cebraspe,prova_discursiva,2,História do Brasil,Prova escrita 2ª fase,https://cdn.cebraspe.org.br/concursos/IRBR_24_DIPLOMACIA/arquivos/IRBR_24_SEGUNDA_FASE_PROVA_ESCRITA_DE_HISTRIA_DO_BRASIL.PDF,VERIFIED_PDF,2026-10-06
CACD_2024,official_cebraspe,prova_discursiva,2,Língua Inglesa,Prova escrita 2ª fase,https://cdn.cebraspe.org.br/concursos/IRBR_24_DIPLOMACIA/arquivos/IRBR_SEGUNDA_FASE_PROVA_ESCRITA_LNGUA_INGLESA.PDF,VERIFIED_PDF,2026-10-06
CACD_2024,official_cebraspe,prova_discursiva,2,Geografia,Prova escrita 2ª fase,https://cdn.cebraspe.org.br/concursos/IRBR_24_DIPLOMACIA/arquivos/IRBR_SEGUNDA_FASE_PROVA_ESCRITA_GEOGRAFIA.PDF,VERIFIED_PDF,2026-10-06
CACD_2024,official_cebraspe,prova_discursiva,2,Política Internacional,Prova escrita 2ª fase (22/10/2024),https://cdn.cebraspe.org.br/concursos/IRBR_24_DIPLOMACIA/arquivos/1_IRBR_24_SEGUNDA_FASE_PROVA_ESCRITA_DE_POLTICA_INTERNACIONAL.PDF,VERIFIED_PDF,2026-10-06
CACD_2024,official_cebraspe,prova_discursiva,2,Economia,Prova escrita 2ª fase,https://cdn.cebraspe.org.br/concursos/IRBR_24_DIPLOMACIA/arquivos/2_IRBR_24_SEGUNDA_FASE_PROVA_ESCRITA_DE_ECONOMIA.PDF,VERIFIED_PDF,2026-10-06
CACD_2024,official_cebraspe,prova_discursiva,2,Direito,Prova escrita 2ª fase,https://cdn.cebraspe.org.br/concursos/IRBR_24_DIPLOMACIA/arquivos/3_IRBR_24_SEGUNDA_FASE_PROVA_ESCRITA_DE_DIREITO.PDF,VERIFIED_PDF,2026-10-06
CACD_2024,official_cebraspe,prova_discursiva,2,Espanhol e Francês,Prova escrita 2ª fase,https://cdn.cebraspe.org.br/concursos/IRBR_24_DIPLOMACIA/arquivos/4_IRBR_24_SEGUNDA_FASE_PROVA_ESCRITA_DE_LNGUA_ESPANHOLA_LNGUA_FRANCESA.PDF,VERIFIED_PDF,2026-10-06
CACD_2024,official_cebraspe,padrao_resposta,2,Língua Portuguesa,Padrão definitivo 2ª fase,https://cdn.cebraspe.org.br/concursos/IRBR_24_DIPLOMACIA/arquivos/1___PADRO_DEFINITIVO_DE_RESPOSTAS___SEGUNDA_FASE___LNGUA_PORTUGUESA.PDF,VERIFIED_PDF,2026-10-06
CACD_2024,official_cebraspe,padrao_resposta,2,História do Brasil,Padrão definitivo 2ª fase,https://cdn.cebraspe.org.br/concursos/IRBR_24_DIPLOMACIA/arquivos/2___PADRO_DEFINITIVO_DE_RESPOSTAS___SEGUNDA_FASE___HISTRIA_DO_BRASIL.PDF,VERIFIED_PDF,2026-10-06
CACD_2024,official_cebraspe,padrao_resposta,2,Língua Inglesa,Padrão definitivo 2ª fase,https://cdn.cebraspe.org.br/concursos/IRBR_24_DIPLOMACIA/arquivos/3___PADRO_DEFINITIVO_DE_RESPOSTAS___SEGUNDA_FASE___LNGUA_INGLESA.PDF,VERIFIED_PDF,2026-10-06
CACD_2024,official_cebraspe,padrao_resposta,2,Geografia,Padrão definitivo 2ª fase,https://cdn.cebraspe.org.br/concursos/IRBR_24_DIPLOMACIA/arquivos/4___PADRO_DEFINITIVO_DE_RESPOSTAS___SEGUNDA_FASE___GEOGRAFIA.PDF,VERIFIED_PDF,2026-10-06
CACD_2024,official_cebraspe,padrao_resposta,2,Política Internacional,Padrão definitivo 2ª fase,https://cdn.cebraspe.org.br/concursos/IRBR_24_DIPLOMACIA/arquivos/5___PADRO_DEFINITIVO_DE_RESPOSTAS___SEGUNDA_FASE___POLTICA_INTERNACIONAL.PDF,VERIFIED_PDF,2026-10-06
CACD_2024,official_cebraspe,padrao_resposta,2,Economia,Padrão definitivo 2ª fase,https://cdn.cebraspe.org.br/concursos/IRBR_24_DIPLOMACIA/arquivos/6___PADRO_DEFINITIVO_DE_RESPOSTAS___SEGUNDA_FASE___ECONOMIA.PDF,VERIFIED_PDF,2026-10-06
CACD_2024,official_cebraspe,padrao_resposta,2,Direito,Padrão definitivo 2ª fase - atualizado (original sem efeito),https://cdn.cebraspe.org.br/concursos/IRBR_24_DIPLOMACIA/arquivos/7___PADRO_DEFINITIVO_DE_RESPOSTAS___SEGUNDA_FASE___DIREITO___ATUALIZADO.PDF,VERIFIED_PDF,2026-10-06
CACD_2024,official_cebraspe,padrao_resposta,2,Espanhol e Francês,Padrão definitivo 2ª fase,https://cdn.cebraspe.org.br/concursos/IRBR_24_DIPLOMACIA/arquivos/8___PADRO_DEFINITIVO_DE_RESPOSTAS___SEGUNDA_FASE___LNGUA_ESPANHOLA_E_LNGUA_FRANCESA.PDF,VERIFIED_PDF,2026-10-06
CACD_2024,official_cebraspe,resultado,,,Editais nº 4/5/8/10/11 de resultados e homologação,https://www.cebraspe.org.br/concursos/irbr_24_diplomacia,LISTED_ON_PAGE,2026-10-06
CACD_2023,official_cebraspe,pagina_concurso,,,"Página SPA sem conteúdo; API apis.cebraspe.org.br/cebraspe/eventos/irbr_23_diplomacia retorna 204; ausente da listagem de concursos encerrados",https://www.cebraspe.org.br/concursos/irbr_23_diplomacia,NOT_FOUND,2026-10-06
CACD_2023,official_mre,edital,1,,Edital nº 1 de 28/06/2023 - abertura,https://www.gov.br/mre/pt-br/instituto-rio-branco/carreira-diplomatica/editas-cacd/cacd-2023/edital-no-1-de-28-de-junho-de-2023-edital-de-abertura,VERIFIED_PDF,2026-10-06
CACD_2023,official_mre,resultado,,,"Editais nº 2-14 de resultados (1ª 2ª 3ª fases e homologação) na página da edição",https://www.gov.br/mre/pt-br/instituto-rio-branco/carreira-diplomatica/editais-cacd-1/cacd-2023,PAGE_VERIFIED,2026-10-06
CACD_2023,official_mre,prova_objetiva,1,,,NOT_FOUND (nem Cebraspe nem gov.br),NOT_FOUND,2026-10-06
CACD_2023,official_mre,prova_discursiva,2,,,NOT_FOUND no oficial - usar fonte secundária,NOT_FOUND,2026-10-06
CACD_2023,official_mre,padrao_resposta,2,,,NOT_FOUND no oficial - usar fonte secundária,NOT_FOUND,2026-10-06
CACD_2022,official_cebraspe,pagina_concurso,,,"Página SPA sem conteúdo; API retorna 204; ausente da listagem de concursos",https://www.cebraspe.org.br/concursos/irbr_22_diplomacia,NOT_FOUND,2026-10-06
CACD_2022,official_mre,edital,1,,Edital nº 1 de 15/02/2022 - normativo,https://www.gov.br/mre/pt-br/instituto-rio-branco/carreira-diplomatica/editas-cacd/cacd-2022/edital-no-1-de-15022022-normativo-formato-a-4.pdf,VERIFIED_PDF,2026-10-06
CACD_2022,official_mre,resultado,,,"Editais nº 2-10 de resultados (1ª 2ª 3ª fases e final) na página da edição",https://www.gov.br/mre/pt-br/instituto-rio-branco/carreira-diplomatica/editais-cacd-1/cacd-2022,PAGE_VERIFIED,2026-10-06
CACD_2022,official_mre,prova_objetiva,1,,,NOT_FOUND no oficial - usar fonte secundária,NOT_FOUND,2026-10-06
CACD_2022,official_mre,prova_discursiva,2,,,NOT_FOUND no oficial - usar fonte secundária,NOT_FOUND,2026-10-06
CACD_2020_2021,official_cebraspe,pagina_concurso,,,"Página SPA sem conteúdo; API irbr_20_diplomacia retorna 204; 15+ variações de slug testadas",https://www.cebraspe.org.br/concursos/irbr_20_diplomacia,NOT_FOUND,2026-10-06
CACD_2020_2021,official_mre,edital_index,,,"Página da edição CACD 2021/2020 no índice de editais do MRE",https://www.gov.br/mre/pt-br/instituto-rio-branco/carreira-diplomatica/editais-cacd-1/cacd-2021-2020,PAGE_VERIFIED,2026-10-06
CACD_2020_2021,secondary_repository,provas,,,"Provas não localizadas em fonte oficial viva - usar Curso CACD / Nabuco",,NOT_FOUND_OFFICIAL,2026-10-06
CACD_2019,official_cebraspe,pagina_concurso,,,"Página SPA sem conteúdo; API irbr_19_diplomacia retorna 204",https://www.cebraspe.org.br/concursos/irbr_19_diplomacia,NOT_FOUND,2026-10-06
CACD_2019,official_mre,edital,1,,Edital nº 1 de 05/07/2019 - normativo,https://www.gov.br/mre/pt-br/instituto-rio-branco/carreira-diplomatica/editas-cacd/cacd-2019/edital-no-1-de-05072019-normativo.pdf,VERIFIED_PDF,2026-10-06
CACD_2019,official_mre,resultado,,,"Editais nº 2-9 de resultados + padrão de resposta e processo de avaliação",https://www.gov.br/mre/pt-br/instituto-rio-branco/carreira-diplomatica/editais-cacd-1/cacd-2019,PAGE_VERIFIED,2026-10-06
CACD_2019,official_mre,prova_objetiva,1,,,NOT_FOUND no oficial - usar fonte secundária,NOT_FOUND,2026-10-06
CACD_2018,official_cebraspe,edital,1,,Edital nº 1 - Abertura,https://cdn.cebraspe.org.br/concursos/irbr_18_diplomacia/arquivos/IRBR_ED._N__1_ABERTURA.PDF,VERIFIED_PDF,2026-10-06
CACD_2018,official_cebraspe,prova_objetiva,1,,Prova objetiva 1ª fase - manhã,https://cdn.cebraspe.org.br/concursos/irbr_18_diplomacia/arquivos/409_IRBR001__PAG_15.PDF,VERIFIED_PDF,2026-10-06
CACD_2018,official_cebraspe,prova_objetiva,1,,Prova objetiva 1ª fase - tarde,https://cdn.cebraspe.org.br/concursos/irbr_18_diplomacia/arquivos/409_IRBR002__PAG_14.PDF,VERIFIED_PDF,2026-10-06
CACD_2018,official_cebraspe,gabarito_preliminar,1,,Gabarito preliminar - manhã,https://cdn.cebraspe.org.br/concursos/irbr_18_diplomacia/arquivos/GAB_PRELIMINAR_409_IRBR001_00.PDF,VERIFIED_PDF,2026-10-06
CACD_2018,official_cebraspe,gabarito_preliminar,1,,Gabarito preliminar - tarde,https://cdn.cebraspe.org.br/concursos/irbr_18_diplomacia/arquivos/GAB_PRELIMINAR_409_IRBR002_00.PDF,VERIFIED_PDF,2026-10-06
CACD_2018,official_cebraspe,gabarito_definitivo,1,,Gabarito definitivo - manhã,https://cdn.cebraspe.org.br/concursos/irbr_18_diplomacia/arquivos/Gab_Definitivo_409_IRBR001_00.PDF,VERIFIED_PDF,2026-10-06
CACD_2018,official_cebraspe,gabarito_definitivo,1,,Gabarito definitivo - tarde,https://cdn.cebraspe.org.br/concursos/irbr_18_diplomacia/arquivos/Gab_Definitivo_409_IRBR002_00.PDF,VERIFIED_PDF,2026-10-06
CACD_2018,official_cebraspe,prova_discursiva,2,Língua Portuguesa,Prova escrita 2ª fase,https://cdn.cebraspe.org.br/concursos/irbr_18_diplomacia/arquivos/416_IRBR_DISC_001_01.PDF,VERIFIED_PDF,2026-10-06
CACD_2018,official_cebraspe,prova_discursiva,2,Língua Inglesa,Prova escrita 2ª fase,https://cdn.cebraspe.org.br/concursos/irbr_18_diplomacia/arquivos/416_IRBR_DISC_002_01.PDF,VERIFIED_PDF,2026-10-06
CACD_2018,official_cebraspe,padrao_resposta,2,Língua Portuguesa,Padrão definitivo 2ª fase,https://cdn.cebraspe.org.br/concursos/irbr_18_diplomacia/arquivos/IRBR_18_DIPLOMACIA_PADRAODEFINITIVORESPOSTA_PROVAESCRITA_LNGUAPORTUGUESA.PDF,VERIFIED_PDF,2026-10-06
CACD_2018,official_cebraspe,padrao_resposta,2,Língua Inglesa,Padrão definitivo 2ª fase,https://cdn.cebraspe.org.br/concursos/irbr_18_diplomacia/arquivos/IRBR_18_DIPLOMACIA_PADRAODEFINITIVORESPOSTA_PROVAESCRITA_LNGUAINGLESA.PDF,VERIFIED_PDF,2026-10-06
CACD_2018,official_cebraspe,prova_discursiva,3,,Cadernos da 3ª fase (História Geografia PI Economia Direito Esp/Fra) não listados individualmente na página; padrões confirmam as provas,https://www.cebraspe.org.br/concursos/irbr_18_diplomacia,LISTED_ON_PAGE,2026-10-06
CACD_2018,official_cebraspe,padrao_resposta,3,História do Brasil,Padrão definitivo 3ª fase,https://cdn.cebraspe.org.br/concursos/irbr_18_diplomacia/arquivos/IRBR_18_DIPLOMACIA___PADRODEFINITIVORESPOSTA_HISTRIA.PDF,VERIFIED_PDF,2026-10-06
CACD_2018,official_cebraspe,padrao_resposta,3,Geografia,Padrão definitivo 3ª fase,https://cdn.cebraspe.org.br/concursos/irbr_18_diplomacia/arquivos/IRBR_18_DIPLOMACIA___PADRODEFINITIVORESPOSTA_GEOGRAFIA.PDF,VERIFIED_PDF,2026-10-06
CACD_2018,official_cebraspe,padrao_resposta,3,Política Internacional,Padrão definitivo 3ª fase,https://cdn.cebraspe.org.br/concursos/irbr_18_diplomacia/arquivos/IRBR_18_DIPLOMACIA___PADRODEFINITIVORESPOSTA_POLTICAINTERNACIONAL.PDF,VERIFIED_PDF,2026-10-06
CACD_2018,official_cebraspe,padrao_resposta,3,Economia,Padrão definitivo 3ª fase,https://cdn.cebraspe.org.br/concursos/irbr_18_diplomacia/arquivos/IRBR_18_DIPLOMACIA___PADRODEFINITIVORESPOSTA_ECONOMIA.PDF,VERIFIED_PDF,2026-10-06
CACD_2018,official_cebraspe,padrao_resposta,3,Direito,Padrão definitivo 3ª fase,https://cdn.cebraspe.org.br/concursos/irbr_18_diplomacia/arquivos/IRBR_18_DIPLOMACIA___PADRODEFINITIVORESPOSTA_DIREITO.PDF,VERIFIED_PDF,2026-10-06
CACD_2018,official_cebraspe,padrao_resposta,3,Espanhol e Francês,Padrão definitivo 3ª fase,https://cdn.cebraspe.org.br/concursos/irbr_18_diplomacia/arquivos/IRBR_18_DIPLOMACIA___PADRODEFINITIVORESPOSTA_LINGUAESPANHOLA_LINGUAFRANCESA.PDF,VERIFIED_PDF,2026-10-06
CACD_2018,official_cebraspe,resultado,,,Editais nº 3 10 e 13 de resultados,https://www.cebraspe.org.br/concursos/irbr_18_diplomacia,LISTED_ON_PAGE,2026-10-06
CACD_2017,official_cebraspe,edital,1,,Edital nº 1 - Abertura,https://cdn.cebraspe.org.br/concursos/irbr_17_diplomacia/arquivos/IRBR_ED._1_ABERTURA.PDF,VERIFIED_PDF,2026-10-06
CACD_2017,official_cebraspe,prova_objetiva,1,,Caderno questões 1-34,https://cdn.cebraspe.org.br/concursos/irbr_17_diplomacia/arquivos/327_IRBR_001_01.PDF,VERIFIED_PDF,2026-10-06
CACD_2017,official_cebraspe,prova_objetiva,1,,Caderno questões 35-73,https://cdn.cebraspe.org.br/concursos/irbr_17_diplomacia/arquivos/327_IRBR_002_01.PDF,VERIFIED_PDF,2026-10-06
CACD_2017,official_cebraspe,gabarito_preliminar,1,,Não publicado na página atual (apenas justificativas de alteração),,NOT_FOUND,2026-10-06
CACD_2017,official_cebraspe,gabarito_definitivo,1,,Gabarito definitivo questões 1-34,https://cdn.cebraspe.org.br/concursos/irbr_17_diplomacia/arquivos/Gab_Definitivo_327_IRBR_001_01.PDF,VERIFIED_PDF,2026-10-06
CACD_2017,official_cebraspe,gabarito_definitivo,1,,Gabarito definitivo questões 35-73,https://cdn.cebraspe.org.br/concursos/irbr_17_diplomacia/arquivos/Gab_Definitivo_327_IRBR_002_01.PDF,VERIFIED_PDF,2026-10-06
CACD_2017,official_cebraspe,prova_discursiva,2,Língua Portuguesa,Prova escrita 2ª fase,https://cdn.cebraspe.org.br/concursos/irbr_17_diplomacia/arquivos/336_IRBR_001_01.PDF,VERIFIED_PDF,2026-10-06
CACD_2017,official_cebraspe,prova_discursiva,2,Língua Inglesa,Prova escrita 2ª fase,https://cdn.cebraspe.org.br/concursos/irbr_17_diplomacia/arquivos/336_IRBR_002_01.PDF,VERIFIED_PDF,2026-10-06
CACD_2017,official_cebraspe,prova_discursiva,3,Política Internacional,Prova escrita 3ª fase,https://cdn.cebraspe.org.br/concursos/irbr_17_diplomacia/arquivos/337_IRBR_001_01.PDF,VERIFIED_PDF,2026-10-06
CACD_2017,official_cebraspe,prova_discursiva,3,História do Brasil,Prova escrita 3ª fase,https://cdn.cebraspe.org.br/concursos/irbr_17_diplomacia/arquivos/337_IRBR_002_01.PDF,VERIFIED_PDF,2026-10-06
CACD_2017,official_cebraspe,prova_discursiva,3,Geografia,Prova escrita 3ª fase,https://cdn.cebraspe.org.br/concursos/irbr_17_diplomacia/arquivos/337_IRBR_003_01.PDF,VERIFIED_PDF,2026-10-06
CACD_2017,official_cebraspe,prova_discursiva,3,Economia,Prova escrita 3ª fase,https://cdn.cebraspe.org.br/concursos/irbr_17_diplomacia/arquivos/337_IRBR_004_01.PDF,VERIFIED_PDF,2026-10-06
CACD_2017,official_cebraspe,prova_discursiva,3,Direito,Prova escrita 3ª fase,https://cdn.cebraspe.org.br/concursos/irbr_17_diplomacia/arquivos/337_IRBR_005_01.PDF,VERIFIED_PDF,2026-10-06
CACD_2017,official_cebraspe,prova_discursiva,3,Espanhol e Francês,Prova escrita 3ª fase,https://cdn.cebraspe.org.br/concursos/irbr_17_diplomacia/arquivos/337_IRBR_006_01.PDF,VERIFIED_PDF,2026-10-06
CACD_2017,official_cebraspe,padrao_resposta,2,Língua Inglesa,Padrões por parte (summary + translation A e B),https://cdn.cebraspe.org.br/concursos/irbr_17_diplomacia/arquivos/IRBR_17_DIPLOMACIA_SUMMARY_OK.PDF,VERIFIED_PDF,2026-10-06
CACD_2017,official_cebraspe,padrao_resposta,2e3,Todas,"Padrões definitivos por questão: DIR1-4 ECO1-4 GEO1-4 HIS1-4 POL1-4 ESP1-2 FRAN1-2 (24 na 2ª fase + 24 na 3ª fase); padrão de URL IRBR_Formulario_PadraoRespostaDefinitivo<PROVA><N>.PDF",https://cdn.cebraspe.org.br/concursos/irbr_17_diplomacia/arquivos/IRBr_Formulario_PadraoRespostaDefinitivoDIR1.PDF,VERIFIED_PDF_PATTERN_48_FILES,2026-10-06
CACD_2017,official_cebraspe,resultado,,,Editais nº 5 11 14 16 e 19 de resultados,https://www.cebraspe.org.br/concursos/irbr_17_diplomacia,LISTED_ON_PAGE,2026-10-06
CACD_2003,official_mre,edital,1,,Edital normativo nº 2 de 02/12 (11 editais da edição na página),https://www.gov.br/mre/pt-br/instituto-rio-branco/carreira-diplomatica/editas-cacd/cacd-2003/ed_2003_irbr_02-12.pdf,VERIFIED_PDF,2026-10-06
CACD_2003,official_mre,edital_index,,,"Página da edição com 11 PDFs (editais locais convocações resultados) - sem provas nem gabaritos",https://www.gov.br/mre/pt-br/instituto-rio-branco/carreira-diplomatica/editais-cacd-1/cacd-2003/cacd-2003,PAGE_VERIFIED,2026-10-06
CACD_2004,official_mre,edital_index,,,"Página da edição (não amostrada individualmente)",https://www.gov.br/mre/pt-br/instituto-rio-branco/carreira-diplomatica/editais-cacd-1/cacd-2004,PAGE_VERIFIED,2026-10-06
CACD_2005,official_mre,edital_index,,,Página da edição (não amostrada individualmente),https://www.gov.br/mre/pt-br/instituto-rio-branco/carreira-diplomatica/editais-cacd-1/cacd-2005,PAGE_VERIFIED,2026-10-06
CACD_2006,official_mre,edital_index,,,Página da edição (não amostrada individualmente),https://www.gov.br/mre/pt-br/instituto-rio-branco/carreira-diplomatica/editais-cacd-1/cacd-2006,PAGE_VERIFIED,2026-10-06
CACD_2007,official_mre,edital_index,,,"Sem entrada no índice editais-cacd-1; buscas web não encontraram página da edição no gov.br",,NOT_FOUND,2026-10-06
CACD_2008,official_mre,edital_index,,,Página da edição (não amostrada individualmente),https://www.gov.br/mre/pt-br/instituto-rio-branco/carreira-diplomatica/editais-cacd-1/cacd-2008,PAGE_VERIFIED,2026-10-06
CACD_2009,official_mre,edital_index,,,Página da edição (não amostrada individualmente),https://www.gov.br/mre/pt-br/instituto-rio-branco/carreira-diplomatica/editais-cacd-1/cacd-2009,PAGE_VERIFIED,2026-10-06
CACD_2010,official_mre,edital_index,,,Página da edição (não amostrada individualmente),https://www.gov.br/mre/pt-br/instituto-rio-branco/carreira-diplomatica/editais-cacd-1/cacd-2010,PAGE_VERIFIED,2026-10-06
CACD_2011,official_mre,edital_index,,,Página da edição (não amostrada individualmente),https://www.gov.br/mre/pt-br/instituto-rio-branco/carreira-diplomatica/editais-cacd-1/cacd-2011,PAGE_VERIFIED,2026-10-06
CACD_2012,official_mre,edital_index,,,Página da edição existe mas conteúdo vazio (não publicado),https://www.gov.br/mre/pt-br/instituto-rio-branco/carreira-diplomatica/editais-cacd-1/copy_of_cacd-2012/cacd-2012,EMPTY_PAGE,2026-10-06
CACD_2013,official_mre,edital_index,,,Página da edição (não amostrada individualmente),https://www.gov.br/mre/pt-br/instituto-rio-branco/carreira-diplomatica/editais-cacd-1/cacd-2013,PAGE_VERIFIED,2026-10-06
CACD_2014,official_mre,edital_index,,,Página da edição (não amostrada individualmente),https://www.gov.br/mre/pt-br/instituto-rio-branco/carreira-diplomatica/editais-cacd-1/cacd-2014,PAGE_VERIFIED,2026-10-06
CACD_2015,official_mre,edital_index,,,Página da edição (não amostrada individualmente),https://www.gov.br/mre/pt-br/instituto-rio-branco/carreira-diplomatica/editais-cacd-1/cacd-2015,PAGE_VERIFIED,2026-10-06
CACD_2016,official_mre,edital_index,,,Página da edição (não amostrada individualmente),https://www.gov.br/mre/pt-br/instituto-rio-branco/carreira-diplomatica/editais-cacd-1/cacd-2017-1,PAGE_VERIFIED,2026-10-06
ALL,official_mre,arquivo_provas_antigas,,,"Arquivo institucional de provas antigas 2003-2016 - página existe mas galeria VAZIA para usuário anônimo (nenhum PDF público)",https://www.gov.br/mre/pt-br/instituto-rio-branco/arquivos/cacd/provas-antigas-cacd,EMPTY_PAGE_PUBLIC,2026-10-06
CACD_2026,official_dou,edital,1,,Edital nº 1 de 28/01/2026 no DOU (apontado pela página do Curso CACD - não verificado diretamente),https://www.in.gov.br/web/dou/-/edital-n-1-de-28-de-janeiro-de-2026-684135809,REPORTED_NOT_VERIFIED,2026-10-06
