contest_id,source_type,doc_type,phase,discipline,description,original_url,capture_timestamp,wayback_url,status
CACD_2013,official_cebraspe_archive,prova_objetiva,1,,Prova objetiva 1,http://www.cespe.unb.br/concursos/IRBR_13_DIPLOMACIA/arquivos/IRBr13_01_01.PDF,20160804131751,https://web.archive.org/web/20160804131751/http://www.cespe.unb.br/concursos/IRBR_13_DIPLOMACIA/arquivos/IRBr13_01_01.PDF,TO_DOWNLOAD_VALIDATE
CACD_2013,official_cebraspe_archive,prova_objetiva,1,,Prova objetiva 2,http://www.cespe.unb.br/concursos/IRBR_13_DIPLOMACIA/arquivos/IRBr13_02_01.PDF,20160804152423,https://web.archive.org/web/20160804152423/http://www.cespe.unb.br/concursos/IRBR_13_DIPLOMACIA/arquivos/IRBr13_02_01.PDF,TO_DOWNLOAD_VALIDATE
CACD_2013,official_cebraspe_archive,gabarito_definitivo,1,,Gabarito definitivo prova 1,http://www.cespe.unb.br/concursos/irbr_13_diplomacia/arquivos/Gab_definitivo_IRBr13_01_01.pdf,20160804142137,https://web.archive.org/web/20160804142137/http://www.cespe.unb.br/concursos/irbr_13_diplomacia/arquivos/Gab_definitivo_IRBr13_01_01.pdf,TO_DOWNLOAD_VALIDATE
CACD_2013,official_cebraspe_archive,gabarito_definitivo,1,,Gabarito definitivo prova 2,http://www.cespe.unb.br/concursos/irbr_13_diplomacia/arquivos/Gab_definitivo_IRBr13_02_01.PDF,20160804142143,https://web.archive.org/web/20160804142143/http://www.cespe.unb.br/concursos/irbr_13_diplomacia/arquivos/Gab_definitivo_IRBr13_02_01.PDF,TO_DOWNLOAD_VALIDATE
CACD_2013,official_cebraspe_archive,gabarito_preliminar,1,,Gabarito preliminar prova 2,http://www.cespe.unb.br/concursos/IRBR_13_DIPLOMACIA/arquivos/Gab_Preliminar_IRBr13_02_01.PDF,20251026212155,https://web.archive.org/web/20251026212155/http://www.cespe.unb.br/concursos/IRBR_13_DIPLOMACIA/arquivos/Gab_Preliminar_IRBr13_02_01.PDF,TO_DOWNLOAD_VALIDATE
CACD_2013,official_cebraspe_archive,prova_discursiva,2,Língua Portuguesa,Prova escrita 2ª fase (IRBr2F13),http://www.cespe.unb.br/concursos/irbr_13_diplomacia/arquivos/IRBr2F13_001_01.PDF,20170709025306,https://web.archive.org/web/20170709025306/http://www.cespe.unb.br/concursos/irbr_13_diplomacia/arquivos/IRBr2F13_001_01.PDF,TO_DOWNLOAD_VALIDATE
CACD_2013,official_cebraspe_archive,prova_discursiva,2,Língua Inglesa,Prova escrita 2ª fase,http://www.cespe.unb.br/concursos/irbr_13_diplomacia/arquivos/IRBr13INGLES_002_02.PDF,20170709025259,https://web.archive.org/web/20170709025259/http://www.cespe.unb.br/concursos/irbr_13_diplomacia/arquivos/IRBr13INGLES_002_02.PDF,TO_DOWNLOAD_VALIDATE
CACD_2013,official_cebraspe_archive,prova_discursiva,3,Direito,Prova escrita 3ª fase,http://www.cespe.unb.br/concursos/irbr_13_diplomacia/arquivos/IRBr13DIR_001_01.PDF,20170709025235,https://web.archive.org/web/20170709025235/http://www.cespe.unb.br/concursos/irbr_13_diplomacia/arquivos/IRBr13DIR_001_01.PDF,TO_DOWNLOAD_VALIDATE
CACD_2013,official_cebraspe_archive,prova_discursiva,3,Economia,Prova escrita 3ª fase,http://www.cespe.unb.br/concursos/irbr_13_diplomacia/arquivos/IRBr13ECO_002_02.PDF,20170709025240,https://web.archive.org/web/20170709025240/http://www.cespe.unb.br/concursos/irbr_13_diplomacia/arquivos/IRBr13ECO_002_02.PDF,TO_DOWNLOAD_VALIDATE
CACD_2013,official_cebraspe_archive,prova_discursiva,3,Geografia,Prova escrita 3ª fase,http://www.cespe.unb.br/concursos/irbr_13_diplomacia/arquivos/IRBr13GEO_001_01.PDF,20170709025247,https://web.archive.org/web/20170709025247/http://www.cespe.unb.br/concursos/irbr_13_diplomacia/arquivos/IRBr13GEO_001_01.PDF,TO_DOWNLOAD_VALIDATE
CACD_2013,official_cebraspe_archive,prova_discursiva,3,História do Brasil,Prova escrita 3ª fase,http://www.cespe.unb.br/concursos/irbr_13_diplomacia/arquivos/IRBr13HISTORIA_001_01.PDF,20170709025253,https://web.archive.org/web/20170709025253/http://www.cespe.unb.br/concursos/irbr_13_diplomacia/arquivos/IRBr13HISTORIA_001_01.PDF,TO_DOWNLOAD_VALIDATE
CACD_2013,official_cebraspe_archive,prova_discursiva,3,Política Internacional,Prova escrita 3ª fase,http://www.cespe.unb.br/concursos/irbr_13_diplomacia/arquivos/IRBr13PINT_002_02.PDF,20170709041413,https://web.archive.org/web/20170709041413/http://www.cespe.unb.br/concursos/irbr_13_diplomacia/arquivos/IRBr13PINT_002_02.PDF,TO_DOWNLOAD_VALIDATE
CACD_2013,official_cebraspe_archive,prova_discursiva,3,Espanhol e Francês,Prova escrita 3ª fase,http://www.cespe.unb.br/concursos/irbr_13_diplomacia/arquivos/IRBr13ESFR_003_03.PDF,20170709041420,https://web.archive.org/web/20170709041420/http://www.cespe.unb.br/concursos/irbr_13_diplomacia/arquivos/IRBr13ESFR_003_03.PDF,TO_DOWNLOAD_VALIDATE
CACD_2013,official_cebraspe_archive,gabarito_justificativa,1,,Justificativas de alterações de gabarito,http://www.cespe.unb.br/concursos/IRBR_13_DIPLOMACIA/arquivos/IRBR_2013_JUSTIFICATIVAS_DE_ALTERA____ES_DE_GABARITO.PDF,20161020235322,https://web.archive.org/web/20161020235322/http://www.cespe.unb.br/concursos/IRBR_13_DIPLOMACIA/arquivos/IRBR_2013_JUSTIFICATIVAS_DE_ALTERA____ES_DE_GABARITO.PDF,TO_DOWNLOAD_VALIDATE
CACD_2014,official_cebraspe_archive,prova_objetiva,1,,Prova objetiva 1,http://www.cespe.unb.br/concursos/IRBR_14_DIPLOMACIA/arquivos/IRBR14DIPL_001_01.pdf,20140611213105,https://web.archive.org/web/20140611213105/http://www.cespe.unb.br/concursos/IRBR_14_DIPLOMACIA/arquivos/IRBR14DIPL_001_01.pdf,TO_DOWNLOAD_VALIDATE
CACD_2014,official_cebraspe_archive,prova_objetiva,1,,Prova objetiva 2,http://www.cespe.unb.br/concursos/IRBR_14_DIPLOMACIA/arquivos/IRBR14DIPL_002_06.pdf,20140611213110,https://web.archive.org/web/20140611213110/http://www.cespe.unb.br/concursos/IRBR_14_DIPLOMACIA/arquivos/IRBR14DIPL_002_06.pdf,TO_DOWNLOAD_VALIDATE
CACD_2014,official_cebraspe_archive,gabarito_definitivo,1,,Gabarito definitivo prova 1,http://www.cespe.unb.br/concursos/IRBR_14_DIPLOMACIA/arquivos/Gab_Definitivo_IRBR14DIPL_001_01.PDF,20140611212749,https://web.archive.org/web/20140611212749/http://www.cespe.unb.br/concursos/IRBR_14_DIPLOMACIA/arquivos/Gab_Definitivo_IRBR14DIPL_001_01.PDF,TO_DOWNLOAD_VALIDATE
CACD_2014,official_cebraspe_archive,gabarito_definitivo,1,,Gabarito definitivo prova 2,http://www.cespe.unb.br/concursos/IRBR_14_DIPLOMACIA/arquivos/Gab_Definitivo_IRBR14DIPL_002_06.PDF,20140611213101,https://web.archive.org/web/20140611213101/http://www.cespe.unb.br/concursos/IRBR_14_DIPLOMACIA/arquivos/Gab_Definitivo_IRBR14DIPL_002_06.PDF,TO_DOWNLOAD_VALIDATE
CACD_2014,official_cebraspe_archive,prova_discursiva,2,Direito,Prova escrita,http://www.cespe.unb.br/concursos/IRBR_14_DIPLOMACIA/arquivos/095IRBr14DIR_001_01.pdf,20140611212708,https://web.archive.org/web/20140611212708/http://www.cespe.unb.br/concursos/IRBR_14_DIPLOMACIA/arquivos/095IRBr14DIR_001_01.pdf,TO_DOWNLOAD_VALIDATE
CACD_2014,official_cebraspe_archive,prova_discursiva,2,Economia,Prova escrita,http://www.cespe.unb.br/concursos/IRBR_14_DIPLOMACIA/arquivos/095IRBr14ECO_002_02.pdf,20140611212713,https://web.archive.org/web/20140611212713/http://www.cespe.unb.br/concursos/IRBR_14_DIPLOMACIA/arquivos/095IRBr14ECO_002_02.pdf,TO_DOWNLOAD_VALIDATE
CACD_2014,official_cebraspe_archive,prova_discursiva,2,Espanhol e Francês,Prova escrita,http://www.cespe.unb.br/concursos/IRBR_14_DIPLOMACIA/arquivos/095IRBr14ESFR_003_03.pdf,20140611212721,https://web.archive.org/web/20140611212721/http://www.cespe.unb.br/concursos/IRBR_14_DIPLOMACIA/arquivos/095IRBr14ESFR_003_03.pdf,TO_DOWNLOAD_VALIDATE
CACD_2014,official_cebraspe_archive,prova_discursiva,2,Geografia e Política Internacional,Prova escrita (GPI combinada),http://www.cespe.unb.br/concursos/IRBR_14_DIPLOMACIA/arquivos/IRBr14GPI_002_02.pdf,20150908191024,https://web.archive.org/web/20150908191024/http://www.cespe.unb.br/concursos/IRBR_14_DIPLOMACIA/arquivos/IRBr14GPI_002_02.pdf,TO_DOWNLOAD_VALIDATE
CACD_2014,official_cebraspe_archive,prova_discursiva,2,História do Brasil,Prova escrita,http://www.cespe.unb.br/concursos/IRBR_14_DIPLOMACIA/arquivos/IRBr14HIS_002_02.pdf,20140611213314,https://web.archive.org/web/20140611213314/http://www.cespe.unb.br/concursos/IRBR_14_DIPLOMACIA/arquivos/IRBr14HIS_002_02.pdf,TO_DOWNLOAD_VALIDATE
CACD_2014,official_cebraspe_archive,prova_discursiva,2,Língua Inglesa,Prova escrita,http://www.cespe.unb.br/concursos/IRBR_14_DIPLOMACIA/arquivos/IRBr14LI_001_01.pdf,20170108151940,https://web.archive.org/web/20170108151940/http://www.cespe.unb.br/concursos/IRBR_14_DIPLOMACIA/arquivos/IRBr14LI_001_01.pdf,TO_DOWNLOAD_VALIDATE
CACD_2014,official_cebraspe_archive,prova_discursiva,2,Língua Portuguesa,Prova escrita,http://www.cespe.unb.br/concursos/IRBR_14_DIPLOMACIA/arquivos/IRBr14LP_001_01.pdf,20140611213411,https://web.archive.org/web/20140611213411/http://www.cespe.unb.br/concursos/IRBR_14_DIPLOMACIA/arquivos/IRBr14LP_001_01.pdf,TO_DOWNLOAD_VALIDATE
CACD_2014,official_cebraspe_archive,gabarito_preliminar,2,Espanhol e Francês,Gabarito preliminar prova discursiva ESFR,http://www.cespe.unb.br/concursos/IRBR_14_DIPLOMACIA/arquivos/Gab_Preliminar_095IRBr14ESFR_003_03.PDF,20240807204047,https://web.archive.org/web/20240807204047/http://www.cespe.unb.br/concursos/IRBR_14_DIPLOMACIA/arquivos/Gab_Preliminar_095IRBr14ESFR_003_03.PDF,TO_DOWNLOAD_VALIDATE
CACD_2015,official_cebraspe_archive,prova_objetiva,1,,Prova objetiva (variante 001_01),http://www.cespe.unb.br/concursos/IRBR_15_DIPLOMACIA/arquivos/154IRBRDIPLOMATA2015_001_01.PDF,20160222001522,https://web.archive.org/web/20160222001522/http://www.cespe.unb.br/concursos/IRBR_15_DIPLOMACIA/arquivos/154IRBRDIPLOMATA2015_001_01.PDF,TO_DOWNLOAD_VALIDATE
CACD_2015,official_cebraspe_archive,prova_objetiva,1,,Prova objetiva (variante 001_04),http://www.cespe.unb.br/concursos/irbr_15_diplomacia/arquivos/154IRBRDIPLOMATA2015_001_04.PDF,20160309122505,https://web.archive.org/web/20160309122505/http://www.cespe.unb.br/concursos/irbr_15_diplomacia/arquivos/154IRBRDIPLOMATA2015_001_04.PDF,TO_DOWNLOAD_VALIDATE
CACD_2015,official_cebraspe_archive,prova_objetiva,1,,Prova objetiva (variante 001_05),http://www.cespe.unb.br/concursos/IRBR_15_DIPLOMACIA/arquivos/154IRBRDIPLOMATA2015_001_05.PDF,20160222001529,https://web.archive.org/web/20160222001529/http://www.cespe.unb.br/concursos/IRBR_15_DIPLOMACIA/arquivos/154IRBRDIPLOMATA2015_001_05.PDF,TO_DOWNLOAD_VALIDATE
CACD_2015,official_cebraspe_archive,prova_objetiva,1,,Prova objetiva (variante 001_08),http://www.cespe.unb.br/concursos/irbr_15_diplomacia/arquivos/154IRBRDIPLOMATA2015_001_08.PDF,20160309122511,https://web.archive.org/web/20160309122511/http://www.cespe.unb.br/concursos/irbr_15_diplomacia/arquivos/154IRBRDIPLOMATA2015_001_08.PDF,TO_DOWNLOAD_VALIDATE
CACD_2015,official_cebraspe_archive,prova_discursiva,2,,Prova discursiva 2ª fase (179IRBRDIPLOMATA2015_DISC_01),http://www.cespe.unb.br/concursos/IRBR_15_DIPLOMACIA/arquivos/179IRBRDIPLOMATA2015_DISC_01.pdf,20151211024712,https://web.archive.org/web/20151211024712/http://www.cespe.unb.br/concursos/IRBR_15_DIPLOMACIA/arquivos/179IRBRDIPLOMATA2015_DISC_01.pdf,TO_DOWNLOAD_VALIDATE
CACD_2015,official_cebraspe_archive,prova_discursiva,3,Língua Inglesa,Prova 3ª fase,http://www.cespe.unb.br/concursos/IRBR_15_DIPLOMACIA/arquivos/181IRBRDIPL3aFASE_001LI_01.pdf,20160222001538,https://web.archive.org/web/20160222001538/http://www.cespe.unb.br/concursos/IRBR_15_DIPLOMACIA/arquivos/181IRBRDIPL3aFASE_001LI_01.pdf,TO_DOWNLOAD_VALIDATE
CACD_2015,official_cebraspe_archive,prova_discursiva,3,História do Brasil,Prova 3ª fase,http://www.cespe.unb.br/concursos/irbr_15_diplomacia/arquivos/181IRBRDIPL3aFASE_002HB_01.pdf,20160309122716,https://web.archive.org/web/20160309122716/http://www.cespe.unb.br/concursos/irbr_15_diplomacia/arquivos/181IRBRDIPL3aFASE_002HB_01.pdf,TO_DOWNLOAD_VALIDATE
CACD_2015,official_cebraspe_archive,prova_discursiva,3,Política Internacional,Prova 3ª fase (PIG),http://www.cespe.unb.br/concursos/IRBR_15_DIPLOMACIA/arquivos/181IRBRDIPL3aFASE_003PIG_01.pdf,20160222001538,https://web.archive.org/web/20160222001538/http://www.cespe.unb.br/concursos/IRBR_15_DIPLOMACIA/arquivos/181IRBRDIPL3aFASE_003PIG_01.pdf,TO_DOWNLOAD_VALIDATE
CACD_2015,official_cebraspe_archive,prova_discursiva,3,Geografia,Prova 3ª fase (NE),http://www.cespe.unb.br/concursos/irbr_15_diplomacia/arquivos/181IRBRDIPL3aFASE_004NE_01.pdf,20160309122722,https://web.archive.org/web/20160309122722/http://www.cespe.unb.br/concursos/irbr_15_diplomacia/arquivos/181IRBRDIPL3aFASE_004NE_01.pdf,TO_DOWNLOAD_VALIDATE
CACD_2015,official_cebraspe_archive,prova_discursiva,3,Direito,Prova 3ª fase (NDDIP),http://www.cespe.unb.br/concursos/irbr_15_diplomacia/arquivos/181IRBRDIPL3aFASE_005NDDIP_01.pdf,20160309122521,https://web.archive.org/web/20160309122521/http://www.cespe.unb.br/concursos/irbr_15_diplomacia/arquivos/181IRBRDIPL3aFASE_005NDDIP_01.pdf,TO_DOWNLOAD_VALIDATE
CACD_2015,official_cebraspe_archive,prova_discursiva,3,Espanhol e Francês,Prova 3ª fase (LELF),http://www.cespe.unb.br/concursos/irbr_15_diplomacia/arquivos/181IRBRDIPL3aFASE_006LELF_01.pdf,20160309122527,https://web.archive.org/web/20160309122527/http://www.cespe.unb.br/concursos/irbr_15_diplomacia/arquivos/181IRBRDIPL3aFASE_006LELF_01.pdf,TO_DOWNLOAD_VALIDATE
CACD_2015,official_cebraspe_archive,gabarito_definitivo,1,,Gabarito definitivo (001_01),http://www.cespe.unb.br/concursos/irbr_15_diplomacia/arquivos/Gab_Definitivo_154IRBRDIPLOMATA2015_001_01.PDF,20160804145914,https://web.archive.org/web/20160804145914/http://www.cespe.unb.br/concursos/irbr_15_diplomacia/arquivos/Gab_Definitivo_154IRBRDIPLOMATA2015_001_01.PDF,TO_DOWNLOAD_VALIDATE
CACD_2015,official_cebraspe_archive,gabarito_definitivo,1,,Gabarito definitivo (001_04),http://www.cespe.unb.br/concursos/irbr_15_diplomacia/arquivos/Gab_Definitivo_154IRBRDIPLOMATA2015_001_04.PDF,20160309122755,https://web.archive.org/web/20160309122755/http://www.cespe.unb.br/concursos/irbr_15_diplomacia/arquivos/Gab_Definitivo_154IRBRDIPLOMATA2015_001_04.PDF,TO_DOWNLOAD_VALIDATE
CACD_2015,official_cebraspe_archive,gabarito_definitivo,1,,Gabarito definitivo (001_05),http://www.cespe.unb.br/concursos/irbr_15_diplomacia/arquivos/Gab_Definitivo_154IRBRDIPLOMATA2015_001_05.PDF,20160309122629,https://web.archive.org/web/20160309122629/http://www.cespe.unb.br/concursos/irbr_15_diplomacia/arquivos/Gab_Definitivo_154IRBRDIPLOMATA2015_001_05.PDF,TO_DOWNLOAD_VALIDATE
CACD_2015,official_cebraspe_archive,gabarito_definitivo,1,,Gabarito definitivo (001_08),http://www.cespe.unb.br/concursos/irbr_15_diplomacia/arquivos/Gab_Definitivo_154IRBRDIPLOMATA2015_001_08.PDF,20160309122800,https://web.archive.org/web/20160309122800/http://www.cespe.unb.br/concursos/irbr_15_diplomacia/arquivos/Gab_Definitivo_154IRBRDIPLOMATA2015_001_08.PDF,TO_DOWNLOAD_VALIDATE
CACD_2015,official_cebraspe_archive,gabarito_justificativa,,,"Justificativas de alteração de gabarito (objetiva e 3ª fase LELF)",http://www.cespe.unb.br/concursos/irbr_15_diplomacia/arquivos/IRBR_15_DIPLOMATA_JUSTIFIVATIVAS_DE_ALTERA____O_DE_GABARITO.PDF,20160309122811,https://web.archive.org/web/20160309122811/http://www.cespe.unb.br/concursos/irbr_15_diplomacia/arquivos/IRBR_15_DIPLOMATA_JUSTIFIVATIVAS_DE_ALTERA____O_DE_GABARITO.PDF,TO_DOWNLOAD_VALIDATE
CACD_2016,official_cebraspe_archive,prova_objetiva,1,,Prova objetiva 1ª fase (001_01),http://www.cespe.unb.br/concursos/IRBR_16_DIPLOMACIA/arquivos/263_IRBR_DIPL_1F_001_01.PDF,20160910010911,https://web.archive.org/web/20160910010911/http://www.cespe.unb.br/concursos/IRBR_16_DIPLOMACIA/arquivos/263_IRBR_DIPL_1F_001_01.PDF,TO_DOWNLOAD_VALIDATE
CACD_2016,official_cebraspe_archive,prova_objetiva,1,,Prova objetiva 1ª fase (002_01),http://www.cespe.unb.br/concursos/IRBR_16_DIPLOMACIA/arquivos/263_IRBR_DIPL_1F_002_01.PDF,20160910080705,https://web.archive.org/web/20160910080705/http://www.cespe.unb.br/concursos/IRBR_16_DIPLOMACIA/arquivos/263_IRBR_DIPL_1F_002_01.PDF,TO_DOWNLOAD_VALIDATE
CACD_2016,official_cebraspe_archive,gabarito_preliminar,1,,Gabarito preliminar (001_01),http://www.cespe.unb.br/concursos/irbr_16_diplomacia/arquivos/Gab_Preliminar_263_IRBR_DIPL_1F_001_01.PDF,20160823204100,https://web.archive.org/web/20160823204100/http://www.cespe.unb.br/concursos/irbr_16_diplomacia/arquivos/Gab_Preliminar_263_IRBR_DIPL_1F_001_01.PDF,TO_DOWNLOAD_VALIDATE
CACD_2016,official_cebraspe_archive,gabarito_preliminar,1,,Gabarito preliminar (002_01),http://www.cespe.unb.br/concursos/irbr_16_diplomacia/arquivos/Gab_Preliminar_263_IRBR_DIPL_1F_002_01.PDF,20160823204105,https://web.archive.org/web/20160823204105/http://www.cespe.unb.br/concursos/irbr_16_diplomacia/arquivos/Gab_Preliminar_263_IRBR_DIPL_1F_002_01.PDF,TO_DOWNLOAD_VALIDATE
CACD_2016,official_cebraspe_archive,gabarito_definitivo,1,,Gabarito definitivo (001_01),http://www.cespe.unb.br/concursos/irbr_16_diplomacia/arquivos/Gab_Definitivo_263_IRBR_DIPL_1F_001_01.PDF,20161122181144,https://web.archive.org/web/20161122181144/http://www.cespe.unb.br/concursos/irbr_16_diplomacia/arquivos/Gab_Definitivo_263_IRBR_DIPL_1F_001_01.PDF,TO_DOWNLOAD_VALIDATE
CACD_2016,official_cebraspe_archive,gabarito_definitivo,1,,Gabarito definitivo (002_01),http://www.cespe.unb.br/concursos/irbr_16_diplomacia/arquivos/Gab_Definitivo_263_IRBR_DIPL_1F_002_01.PDF,20161122181149,https://web.archive.org/web/20161122181149/http://www.cespe.unb.br/concursos/irbr_16_diplomacia/arquivos/Gab_Definitivo_263_IRBR_DIPL_1F_002_01.PDF,TO_DOWNLOAD_VALIDATE
CACD_2016,official_cebraspe_archive,gabarito_definitivo,3,,Gabarito definitivo 3ª fase (267_IRBR_002_01),http://www.cespe.unb.br/concursos/irbr_16_diplomacia/arquivos/Gab_Definitivo_267_IRBR_002_01.PDF,20161122181154,https://web.archive.org/web/20161122181154/http://www.cespe.unb.br/concursos/irbr_16_diplomacia/arquivos/Gab_Definitivo_267_IRBR_002_01.PDF,TO_DOWNLOAD_VALIDATE
CACD_2016,official_cebraspe_archive,prova_discursiva,2,,Prova discursiva (264),http://www.cespe.unb.br/concursos/irbr_16_diplomacia/arquivos/264_IRBR_DISC_001_01.PDF,20161122181028,https://web.archive.org/web/20161122181028/http://www.cespe.unb.br/concursos/irbr_16_diplomacia/arquivos/264_IRBR_DISC_001_01.PDF,TO_DOWNLOAD_VALIDATE
CACD_2016,official_cebraspe_archive,prova_discursiva,2,,Prova discursiva (265 - 2 cadernos),http://www.cespe.unb.br/concursos/irbr_16_diplomacia/arquivos/265_IRBR_DISC_001_01.PDF,20161122181033,https://web.archive.org/web/20161122181033/http://www.cespe.unb.br/concursos/irbr_16_diplomacia/arquivos/265_IRBR_DISC_001_01.PDF,TO_DOWNLOAD_VALIDATE
CACD_2016,official_cebraspe_archive,prova_discursiva,2,,Prova discursiva (266 - 2 cadernos),http://www.cespe.unb.br/concursos/irbr_16_diplomacia/arquivos/266_IRBR_DISC_001_01.PDF,20161122181043,https://web.archive.org/web/20161122181043/http://www.cespe.unb.br/concursos/irbr_16_diplomacia/arquivos/265_IRBR_DISC_001_01.PDF,TO_DOWNLOAD_VALIDATE
CACD_2016,official_cebraspe_archive,prova_discursiva,3,,Prova discursiva (267 - 2 cadernos),http://www.cespe.unb.br/concursos/irbr_16_diplomacia/arquivos/267_IRBR_DISC_001_01.PDF,20161122181058,https://web.archive.org/web/20161122181058/http://www.cespe.unb.br/concursos/irbr_16_diplomacia/arquivos/267_IRBR_DISC_001_01.PDF,TO_DOWNLOAD_VALIDATE
CACD_2017,official_cebraspe_archive,gabarito_preliminar,1,,Gabarito preliminar questões 1-34 (SÓ EXISTE no arquivo - site atual não lista),http://www.cespe.unb.br/concursos/irbr_17_diplomacia/arquivos/Gab_Preliminar_327_IRBR_001_01.PDF,20170922001434,https://web.archive.org/web/20170922001434/http://www.cespe.unb.br/concursos/irbr_17_diplomacia/arquivos/Gab_Preliminar_327_IRBR_001_01.PDF,TO_DOWNLOAD_VALIDATE
CACD_2017,official_cebraspe_archive,gabarito_preliminar,1,,Gabarito preliminar questões 35-73,http://www.cespe.unb.br/concursos/irbr_17_diplomacia/arquivos/Gab_Preliminar_327_IRBR_002_01.PDF,20170822003843,https://web.archive.org/web/20170822003843/http://www.cespe.unb.br/concursos/irbr_17_diplomacia/arquivos/Gab_Preliminar_327_IRBR_002_01.PDF,TO_DOWNLOAD_VALIDATE
CACD_2018,official_cebraspe_archive,prova_discursiva,3,,Cadernos 3ª fase 2018: 417_IRBR_DISC_001 a 006 (6 provas) - não estão no site atual,http://www.cespe.unb.br/concursos/irbr_18_diplomacia/arquivos/417_IRBR_DISC_001_01.PDF,20211130052442,https://web.archive.org/web/20211130052442/http://www.cespe.unb.br/concursos/irbr_18_diplomacia/arquivos/417_IRBR_DISC_001_01.PDF,TO_DOWNLOAD_VALIDATE
CACD_2018,official_cebraspe_archive,prova_discursiva,3,,417_IRBR_DISC_002_01,http://www.cespe.unb.br/concursos/irbr_18_diplomacia/arquivos/417_IRBR_DISC_002_01.PDF,20211130053033,https://web.archive.org/web/20211130053033/http://www.cespe.unb.br/concursos/irbr_18_diplomacia/arquivos/417_IRBR_DISC_002_01.PDF,TO_DOWNLOAD_VALIDATE
CACD_2018,official_cebraspe_archive,prova_discursiva,3,,417_IRBR_DISC_003_01,http://www.cespe.unb.br/concursos/irbr_18_diplomacia/arquivos/417_IRBR_DISC_003_01.PDF,20221016013203,https://web.archive.org/web/20221016013203/http://www.cespe.unb.br/concursos/irbr_18_diplomacia/arquivos/417_IRBR_DISC_003_01.PDF,TO_DOWNLOAD_VALIDATE
CACD_2018,official_cebraspe_archive,prova_discursiva,3,,417_IRBR_DISC_004_01,http://www.cespe.unb.br/concursos/irbr_18_diplomacia/arquivos/417_IRBR_DISC_004_01.PDF,20211130053953,https://web.archive.org/web/20211130053953/http://www.cespe.unb.br/concursos/irbr_18_diplomacia/arquivos/417_IRBR_DISC_004_01.PDF,TO_DOWNLOAD_VALIDATE
CACD_2018,official_cebraspe_archive,prova_discursiva,3,,417_IRBR_DISC_005_01,http://www.cespe.unb.br/concursos/irbr_18_diplomacia/arquivos/417_IRBR_DISC_005_01.PDF,20221016005129,https://web.archive.org/web/20221016005129/http://www.cespe.unb.br/concursos/irbr_18_diplomacia/arquivos/417_IRBR_DISC_005_01.PDF,TO_DOWNLOAD_VALIDATE
CACD_2018,official_cebraspe_archive,prova_discursiva,3,,417_IRBR_DISC_006_01,http://www.cespe.unb.br/concursos/irbr_18_diplomacia/arquivos/417_IRBR_DISC_006_01.PDF,20211130054652,https://web.archive.org/web/20211130054652/http://www.cespe.unb.br/concursos/irbr_18_diplomacia/arquivos/417_IRBR_DISC_006_01.PDF,TO_DOWNLOAD_VALIDATE
